"Package","Version","LibPath"
"abind","1.4-8","C:/Users/velpro/AppData/Local/R/win-library/4.6"
"aisdk","1.4.12","C:/Users/velpro/AppData/Local/R/win-library/4.6"
"annotate","1.90.0","C:/Users/velpro/AppData/Local/R/win-library/4.6"
"AnnotationDbi","1.74.0","C:/Users/velpro/AppData/Local/R/win-library/4.6"
"ape","5.8-1","C:/Users/velpro/AppData/Local/R/win-library/4.6"
"aplot","0.3.1","C:/Users/velpro/AppData/Local/R/win-library/4.6"
"askpass","1.2.1","C:/Users/velpro/AppData/Local/R/win-library/4.6"
"assorthead","1.6.3","C:/Users/velpro/AppData/Local/R/win-library/4.6"
"base64enc","0.1-6","C:/Users/velpro/AppData/Local/R/win-library/4.6"
"beachmat","2.28.0","C:/Users/velpro/AppData/Local/R/win-library/4.6"
"BH","1.90.0-1","C:/Users/velpro/AppData/Local/R/win-library/4.6"
"Biobase","2.72.0","C:/Users/velpro/AppData/Local/R/win-library/4.6"
"BiocFileCache","3.2.0","C:/Users/velpro/AppData/Local/R/win-library/4.6"
"BiocGenerics","0.58.1","C:/Users/velpro/AppData/Local/R/win-library/4.6"
"biocmake","1.4.0","C:/Users/velpro/AppData/Local/R/win-library/4.6"
"BiocManager","1.30.27","C:/Users/velpro/AppData/Local/R/win-library/4.6"
"BiocParallel","1.46.0","C:/Users/velpro/AppData/Local/R/win-library/4.6"
"BiocSingular","1.28.0","C:/Users/velpro/AppData/Local/R/win-library/4.6"
"BiocVersion","3.23.1","C:/Users/velpro/AppData/Local/R/win-library/4.6"
"Biostrings","2.80.1","C:/Users/velpro/AppData/Local/R/win-library/4.6"
"bit","4.6.0","C:/Users/velpro/AppData/Local/R/win-library/4.6"
"bit64","4.8.6","C:/Users/velpro/AppData/Local/R/win-library/4.6"
"blob","1.3.0","C:/Users/velpro/AppData/Local/R/win-library/4.6"
"bslib","0.12.0","C:/Users/velpro/AppData/Local/R/win-library/4.6"
"cachem","1.1.0","C:/Users/velpro/AppData/Local/R/win-library/4.6"
"callr","3.8.0","C:/Users/velpro/AppData/Local/R/win-library/4.6"
"cli","3.6.6","C:/Users/velpro/AppData/Local/R/win-library/4.6"
"clipr","0.8.1","C:/Users/velpro/AppData/Local/R/win-library/4.6"
"clusterProfiler","4.20.0","C:/Users/velpro/AppData/Local/R/win-library/4.6"
"cowplot","1.2.0","C:/Users/velpro/AppData/Local/R/win-library/4.6"
"cpp11","0.5.5","C:/Users/velpro/AppData/Local/R/win-library/4.6"
"crayon","1.5.3","C:/Users/velpro/AppData/Local/R/win-library/4.6"
"curl","8.0.0","C:/Users/velpro/AppData/Local/R/win-library/4.6"
"data.table","1.18.6.1","C:/Users/velpro/AppData/Local/R/win-library/4.6"
"DBI","1.3.0","C:/Users/velpro/AppData/Local/R/win-library/4.6"
"dbplyr","2.6.0","C:/Users/velpro/AppData/Local/R/win-library/4.6"
"DelayedArray","0.38.2","C:/Users/velpro/AppData/Local/R/win-library/4.6"
"DelayedMatrixStats","1.34.0","C:/Users/velpro/AppData/Local/R/win-library/4.6"
"digest","0.6.39","C:/Users/velpro/AppData/Local/R/win-library/4.6"
"dir.expiry","1.20.0","C:/Users/velpro/AppData/Local/R/win-library/4.6"
"DOSE","4.6.0","C:/Users/velpro/AppData/Local/R/win-library/4.6"
"dplyr","1.2.1","C:/Users/velpro/AppData/Local/R/win-library/4.6"
"edgeR","4.10.4","C:/Users/velpro/AppData/Local/R/win-library/4.6"
"enrichit","0.2.1","C:/Users/velpro/AppData/Local/R/win-library/4.6"
"enrichplot","1.32.0","C:/Users/velpro/AppData/Local/R/win-library/4.6"
"evaluate","1.0.5","C:/Users/velpro/AppData/Local/R/win-library/4.6"
"farver","2.1.2","C:/Users/velpro/AppData/Local/R/win-library/4.6"
"fastmap","1.2.0","C:/Users/velpro/AppData/Local/R/win-library/4.6"
"fastmatch","1.1-8","C:/Users/velpro/AppData/Local/R/win-library/4.6"
"fgsea","1.38.0","C:/Users/velpro/AppData/Local/R/win-library/4.6"
"filelock","1.0.3","C:/Users/velpro/AppData/Local/R/win-library/4.6"
"fontawesome","0.5.3","C:/Users/velpro/AppData/Local/R/win-library/4.6"
"fontBitstreamVera","0.1.1","C:/Users/velpro/AppData/Local/R/win-library/4.6"
"fontLiberation","0.1.0","C:/Users/velpro/AppData/Local/R/win-library/4.6"
"fontquiver","0.2.1","C:/Users/velpro/AppData/Local/R/win-library/4.6"
"formatR","1.14","C:/Users/velpro/AppData/Local/R/win-library/4.6"
"fs","2.1.0","C:/Users/velpro/AppData/Local/R/win-library/4.6"
"futile.logger","1.4.9","C:/Users/velpro/AppData/Local/R/win-library/4.6"
"futile.options","1.0.1","C:/Users/velpro/AppData/Local/R/win-library/4.6"
"gdtools","0.5.1","C:/Users/velpro/AppData/Local/R/win-library/4.6"
"generics","0.1.4","C:/Users/velpro/AppData/Local/R/win-library/4.6"
"GenomicRanges","1.64.0","C:/Users/velpro/AppData/Local/R/win-library/4.6"
"GEOquery","2.80.0","C:/Users/velpro/AppData/Local/R/win-library/4.6"
"ggforce","0.5.0","C:/Users/velpro/AppData/Local/R/win-library/4.6"
"ggfun","0.2.1","C:/Users/velpro/AppData/Local/R/win-library/4.6"
"ggiraph","0.9.6","C:/Users/velpro/AppData/Local/R/win-library/4.6"
"ggnewscale","0.5.2","C:/Users/velpro/AppData/Local/R/win-library/4.6"
"ggplot2","4.0.3","C:/Users/velpro/AppData/Local/R/win-library/4.6"
"ggplotify","0.1.3","C:/Users/velpro/AppData/Local/R/win-library/4.6"
"ggraph","2.2.2","C:/Users/velpro/AppData/Local/R/win-library/4.6"
"ggrepel","0.9.8","C:/Users/velpro/AppData/Local/R/win-library/4.6"
"ggtangle","0.1.2","C:/Users/velpro/AppData/Local/R/win-library/4.6"
"ggtree","4.2.0","C:/Users/velpro/AppData/Local/R/win-library/4.6"
"glue","1.8.1","C:/Users/velpro/AppData/Local/R/win-library/4.6"
"GO.db","3.23.1","C:/Users/velpro/AppData/Local/R/win-library/4.6"
"GOSemSim","2.38.3","C:/Users/velpro/AppData/Local/R/win-library/4.6"
"graph","1.90.0","C:/Users/velpro/AppData/Local/R/win-library/4.6"
"graphite","1.58.0","C:/Users/velpro/AppData/Local/R/win-library/4.6"
"graphlayouts","1.2.5","C:/Users/velpro/AppData/Local/R/win-library/4.6"
"gridExtra","2.3.1","C:/Users/velpro/AppData/Local/R/win-library/4.6"
"gridGraphics","0.5-1","C:/Users/velpro/AppData/Local/R/win-library/4.6"
"GSEABase","1.74.0","C:/Users/velpro/AppData/Local/R/win-library/4.6"
"gson","0.2.1","C:/Users/velpro/AppData/Local/R/win-library/4.6"
"GSVA","2.6.6","C:/Users/velpro/AppData/Local/R/win-library/4.6"
"gtable","0.3.6","C:/Users/velpro/AppData/Local/R/win-library/4.6"
"h5mread","1.4.1","C:/Users/velpro/AppData/Local/R/win-library/4.6"
"HDF5Array","1.40.0","C:/Users/velpro/AppData/Local/R/win-library/4.6"
"hgu133a2.db","3.13.0","C:/Users/velpro/AppData/Local/R/win-library/4.6"
"highr","0.12","C:/Users/velpro/AppData/Local/R/win-library/4.6"
"hms","1.1.4","C:/Users/velpro/AppData/Local/R/win-library/4.6"
"htmltools","0.5.9","C:/Users/velpro/AppData/Local/R/win-library/4.6"
"htmlwidgets","1.6.4","C:/Users/velpro/AppData/Local/R/win-library/4.6"
"httr","1.4.9","C:/Users/velpro/AppData/Local/R/win-library/4.6"
"httr2","1.3.0","C:/Users/velpro/AppData/Local/R/win-library/4.6"
"igraph","2.3.3","C:/Users/velpro/AppData/Local/R/win-library/4.6"
"IRanges","2.46.0","C:/Users/velpro/AppData/Local/R/win-library/4.6"
"irlba","2.3.7","C:/Users/velpro/AppData/Local/R/win-library/4.6"
"isoband","0.3.0","C:/Users/velpro/AppData/Local/R/win-library/4.6"
"jquerylib","0.1.4","C:/Users/velpro/AppData/Local/R/win-library/4.6"
"jsonlite","2.0.0","C:/Users/velpro/AppData/Local/R/win-library/4.6"
"KEGGREST","1.52.2","C:/Users/velpro/AppData/Local/R/win-library/4.6"
"knitr","1.51","C:/Users/velpro/AppData/Local/R/win-library/4.6"
"labeling","0.4.3","C:/Users/velpro/AppData/Local/R/win-library/4.6"
"lambda.r","1.2.4","C:/Users/velpro/AppData/Local/R/win-library/4.6"
"lazyeval","0.2.3","C:/Users/velpro/AppData/Local/R/win-library/4.6"
"lifecycle","1.0.5","C:/Users/velpro/AppData/Local/R/win-library/4.6"
"limma","3.68.5","C:/Users/velpro/AppData/Local/R/win-library/4.6"
"locfit","1.5-9.12","C:/Users/velpro/AppData/Local/R/win-library/4.6"
"magick","2.9.1","C:/Users/velpro/AppData/Local/R/win-library/4.6"
"magrittr","2.0.5","C:/Users/velpro/AppData/Local/R/win-library/4.6"
"MatrixGenerics","1.24.0","C:/Users/velpro/AppData/Local/R/win-library/4.6"
"matrixStats","1.5.0","C:/Users/velpro/AppData/Local/R/win-library/4.6"
"memoise","2.0.1","C:/Users/velpro/AppData/Local/R/win-library/4.6"
"memuse","4.2-3","C:/Users/velpro/AppData/Local/R/win-library/4.6"
"mime","0.13","C:/Users/velpro/AppData/Local/R/win-library/4.6"
"openssl","2.4.2","C:/Users/velpro/AppData/Local/R/win-library/4.6"
"org.Hs.eg.db","3.23.1","C:/Users/velpro/AppData/Local/R/win-library/4.6"
"otel","0.2.0","C:/Users/velpro/AppData/Local/R/win-library/4.6"
"patchwork","1.3.2","C:/Users/velpro/AppData/Local/R/win-library/4.6"
"pheatmap","1.0.13","C:/Users/velpro/AppData/Local/R/win-library/4.6"
"pillar","1.11.1","C:/Users/velpro/AppData/Local/R/win-library/4.6"
"pkgconfig","2.0.3","C:/Users/velpro/AppData/Local/R/win-library/4.6"
"plyr","1.8.9","C:/Users/velpro/AppData/Local/R/win-library/4.6"
"png","0.1-9","C:/Users/velpro/AppData/Local/R/win-library/4.6"
"polyclip","1.10-7","C:/Users/velpro/AppData/Local/R/win-library/4.6"
"prettyunits","1.2.0","C:/Users/velpro/AppData/Local/R/win-library/4.6"
"processx","3.9.0","C:/Users/velpro/AppData/Local/R/win-library/4.6"
"progress","1.2.3","C:/Users/velpro/AppData/Local/R/win-library/4.6"
"ps","1.9.3","C:/Users/velpro/AppData/Local/R/win-library/4.6"
"purrr","1.2.2","C:/Users/velpro/AppData/Local/R/win-library/4.6"
"qvalue","2.44.0","C:/Users/velpro/AppData/Local/R/win-library/4.6"
"R.methodsS3","1.8.2","C:/Users/velpro/AppData/Local/R/win-library/4.6"
"R.oo","1.27.1","C:/Users/velpro/AppData/Local/R/win-library/4.6"
"R.utils","2.13.0","C:/Users/velpro/AppData/Local/R/win-library/4.6"
"R6","2.6.1","C:/Users/velpro/AppData/Local/R/win-library/4.6"
"rappdirs","0.3.4","C:/Users/velpro/AppData/Local/R/win-library/4.6"
"RColorBrewer","1.1-3","C:/Users/velpro/AppData/Local/R/win-library/4.6"
"Rcpp","1.1.2","C:/Users/velpro/AppData/Local/R/win-library/4.6"
"RcppArmadillo","15.4.2-1","C:/Users/velpro/AppData/Local/R/win-library/4.6"
"RcppEigen","0.3.4.0.2","C:/Users/velpro/AppData/Local/R/win-library/4.6"
"reactome.db","1.96.0","C:/Users/velpro/AppData/Local/R/win-library/4.6"
"ReactomePA","1.56.0","C:/Users/velpro/AppData/Local/R/win-library/4.6"
"readr","2.2.0","C:/Users/velpro/AppData/Local/R/win-library/4.6"
"rentrez","1.2.4","C:/Users/velpro/AppData/Local/R/win-library/4.6"
"reshape2","1.4.5","C:/Users/velpro/AppData/Local/R/win-library/4.6"
"rhdf5","2.56.0","C:/Users/velpro/AppData/Local/R/win-library/4.6"
"rhdf5filters","1.24.1","C:/Users/velpro/AppData/Local/R/win-library/4.6"
"Rhdf5lib","2.0.0","C:/Users/velpro/AppData/Local/R/win-library/4.6"
"rjson","0.2.23","C:/Users/velpro/AppData/Local/R/win-library/4.6"
"rlang","1.3.0","C:/Users/velpro/AppData/Local/R/win-library/4.6"
"rmarkdown","2.32","C:/Users/velpro/AppData/Local/R/win-library/4.6"
"RSQLite","3.53.3","C:/Users/velpro/AppData/Local/R/win-library/4.6"
"rsvd","1.0.5","C:/Users/velpro/AppData/Local/R/win-library/4.6"
"rvest","1.0.5","C:/Users/velpro/AppData/Local/R/win-library/4.6"
"S4Arrays","1.12.0","C:/Users/velpro/AppData/Local/R/win-library/4.6"
"S4Vectors","0.50.2","C:/Users/velpro/AppData/Local/R/win-library/4.6"
"S7","0.2.2","C:/Users/velpro/AppData/Local/R/win-library/4.6"
"sass","0.4.10","C:/Users/velpro/AppData/Local/R/win-library/4.6"
"ScaledMatrix","1.20.0","C:/Users/velpro/AppData/Local/R/win-library/4.6"
"scales","1.4.0","C:/Users/velpro/AppData/Local/R/win-library/4.6"
"scatterpie","0.2.6","C:/Users/velpro/AppData/Local/R/win-library/4.6"
"selectr","0.6-0","C:/Users/velpro/AppData/Local/R/win-library/4.6"
"Seqinfo","1.2.0","C:/Users/velpro/AppData/Local/R/win-library/4.6"
"SingleCellExperiment","1.34.0","C:/Users/velpro/AppData/Local/R/win-library/4.6"
"snow","0.4-4","C:/Users/velpro/AppData/Local/R/win-library/4.6"
"SparseArray","1.12.2","C:/Users/velpro/AppData/Local/R/win-library/4.6"
"sparseMatrixStats","1.24.0","C:/Users/velpro/AppData/Local/R/win-library/4.6"
"SpatialExperiment","1.22.0","C:/Users/velpro/AppData/Local/R/win-library/4.6"
"statmod","1.5.2","C:/Users/velpro/AppData/Local/R/win-library/4.6"
"stringi","1.8.9","C:/Users/velpro/AppData/Local/R/win-library/4.6"
"stringr","1.6.0","C:/Users/velpro/AppData/Local/R/win-library/4.6"
"SummarizedExperiment","1.42.0","C:/Users/velpro/AppData/Local/R/win-library/4.6"
"sys","3.4.3","C:/Users/velpro/AppData/Local/R/win-library/4.6"
"systemfonts","1.3.2","C:/Users/velpro/AppData/Local/R/win-library/4.6"
"tibble","3.3.1","C:/Users/velpro/AppData/Local/R/win-library/4.6"
"tidydr","0.0.6","C:/Users/velpro/AppData/Local/R/win-library/4.6"
"tidygraph","1.3.1","C:/Users/velpro/AppData/Local/R/win-library/4.6"
"tidyr","1.3.2","C:/Users/velpro/AppData/Local/R/win-library/4.6"
"tidyselect","1.2.1","C:/Users/velpro/AppData/Local/R/win-library/4.6"
"tidytree","0.4.8","C:/Users/velpro/AppData/Local/R/win-library/4.6"
"tinytex","0.60","C:/Users/velpro/AppData/Local/R/win-library/4.6"
"treeio","1.36.1","C:/Users/velpro/AppData/Local/R/win-library/4.6"
"tweenr","2.0.3","C:/Users/velpro/AppData/Local/R/win-library/4.6"
"tzdb","0.5.0","C:/Users/velpro/AppData/Local/R/win-library/4.6"
"utf8","1.2.6","C:/Users/velpro/AppData/Local/R/win-library/4.6"
"vctrs","0.7.3","C:/Users/velpro/AppData/Local/R/win-library/4.6"
"viridis","0.6.5","C:/Users/velpro/AppData/Local/R/win-library/4.6"
"viridisLite","0.4.3","C:/Users/velpro/AppData/Local/R/win-library/4.6"
"vroom","1.7.1","C:/Users/velpro/AppData/Local/R/win-library/4.6"
"withr","3.0.3","C:/Users/velpro/AppData/Local/R/win-library/4.6"
"xfun","0.60","C:/Users/velpro/AppData/Local/R/win-library/4.6"
"XML","3.99-0.24","C:/Users/velpro/AppData/Local/R/win-library/4.6"
"xml2","1.6.0","C:/Users/velpro/AppData/Local/R/win-library/4.6"
"xtable","1.8-8","C:/Users/velpro/AppData/Local/R/win-library/4.6"
"XVector","0.52.0","C:/Users/velpro/AppData/Local/R/win-library/4.6"
"yaml","2.3.12","C:/Users/velpro/AppData/Local/R/win-library/4.6"
"yulab.utils","0.2.5","C:/Users/velpro/AppData/Local/R/win-library/4.6"
"base","4.6.0","C:/Program Files/R/R-4.6.0/library"
"boot","1.3-32","C:/Program Files/R/R-4.6.0/library"
"class","7.3-23","C:/Program Files/R/R-4.6.0/library"
"cluster","2.1.8.2","C:/Program Files/R/R-4.6.0/library"
"codetools","0.2-20","C:/Program Files/R/R-4.6.0/library"
"compiler","4.6.0","C:/Program Files/R/R-4.6.0/library"
"datasets","4.6.0","C:/Program Files/R/R-4.6.0/library"
"foreign","0.8-91","C:/Program Files/R/R-4.6.0/library"
"graphics","4.6.0","C:/Program Files/R/R-4.6.0/library"
"grDevices","4.6.0","C:/Program Files/R/R-4.6.0/library"
"grid","4.6.0","C:/Program Files/R/R-4.6.0/library"
"KernSmooth","2.23-26","C:/Program Files/R/R-4.6.0/library"
"lattice","0.22-9","C:/Program Files/R/R-4.6.0/library"
"MASS","7.3-65","C:/Program Files/R/R-4.6.0/library"
"Matrix","1.7-5","C:/Program Files/R/R-4.6.0/library"
"methods","4.6.0","C:/Program Files/R/R-4.6.0/library"
"mgcv","1.9-4","C:/Program Files/R/R-4.6.0/library"
"nlme","3.1-169","C:/Program Files/R/R-4.6.0/library"
"nnet","7.3-20","C:/Program Files/R/R-4.6.0/library"
"parallel","4.6.0","C:/Program Files/R/R-4.6.0/library"
"rpart","4.1.27","C:/Program Files/R/R-4.6.0/library"
"spatial","7.3-18","C:/Program Files/R/R-4.6.0/library"
"splines","4.6.0","C:/Program Files/R/R-4.6.0/library"
"stats","4.6.0","C:/Program Files/R/R-4.6.0/library"
"stats4","4.6.0","C:/Program Files/R/R-4.6.0/library"
"survival","3.8-6","C:/Program Files/R/R-4.6.0/library"
"tcltk","4.6.0","C:/Program Files/R/R-4.6.0/library"
"tools","4.6.0","C:/Program Files/R/R-4.6.0/library"
"translations","4.6.0","C:/Program Files/R/R-4.6.0/library"
"utils","4.6.0","C:/Program Files/R/R-4.6.0/library"
