"gene","major_cell_type","gene_present","median_cells_per_sample_file","mean_log1p_cpm","fraction_expressing","display_panel"
"ACTA2","macrophage",TRUE,170,0.36416416868833,0.81640625,"VSMC markers"
"ACTA2","vsmc",TRUE,85,3.71752217886813,1,"VSMC markers"
"ACTA2","endothelial",TRUE,23,0.418186329829897,0.875,"VSMC markers"
"ACTA2","fibroblast",TRUE,112,2.36318455523332,1,"VSMC markers"
"ACTA2","t_nk",TRUE,9,0.644831678849747,0.875,"VSMC markers"
"ACTA2","b_cell",TRUE,13,0.954519834797699,0.888888888888889,"VSMC markers"
"ACTA2","mast",TRUE,11,0.604060581976071,0.8,"VSMC markers"
"ACTA2","unassigned",TRUE,42,1.52005049388815,0.952380952380952,"VSMC markers"
"TAGLN","macrophage",TRUE,170,0.37092606462037,0.765625,"VSMC markers"
"TAGLN","vsmc",TRUE,85,3.57395850372505,1,"VSMC markers"
"TAGLN","endothelial",TRUE,23,0.987580533477246,0.928571428571429,"VSMC markers"
"TAGLN","fibroblast",TRUE,112,2.80467446423171,1,"VSMC markers"
"TAGLN","t_nk",TRUE,9,0.779626533472215,0.875,"VSMC markers"
"TAGLN","b_cell",TRUE,13,0.96500148970258,0.888888888888889,"VSMC markers"
"TAGLN","mast",TRUE,11,0.489044662058226,0.88,"VSMC markers"
"TAGLN","unassigned",TRUE,42,1.61982449653213,0.96551724137931,"VSMC markers"
"MYH11","macrophage",TRUE,170,0.147495889083305,0.642857142857143,"VSMC markers"
"MYH11","vsmc",TRUE,85,2.82431536301761,1,"VSMC markers"
"MYH11","endothelial",TRUE,23,0.131820653707985,0.688,"VSMC markers"
"MYH11","fibroblast",TRUE,112,0.750680307793631,0.971428571428571,"VSMC markers"
"MYH11","t_nk",TRUE,9,0.232388293600549,0.698630136986301,"VSMC markers"
"MYH11","b_cell",TRUE,13,0.291294094513928,0.785714285714286,"VSMC markers"
"MYH11","mast",TRUE,11,0.386414912815817,0.666666666666667,"VSMC markers"
"MYH11","unassigned",TRUE,42,0.96857767509902,0.861111111111111,"VSMC markers"
"CNN1","macrophage",TRUE,170,0.0192520179785377,0.238095238095238,"VSMC markers"
"CNN1","vsmc",TRUE,85,1.34145561977957,0.885245901639344,"VSMC markers"
"CNN1","endothelial",TRUE,23,0.036207635860967,0.222929936305732,"VSMC markers"
"CNN1","fibroblast",TRUE,112,0.2675154954004,0.691428571428571,"VSMC markers"
"CNN1","t_nk",TRUE,9,0.0256542308583591,0.288135593220339,"VSMC markers"
"CNN1","b_cell",TRUE,13,0.0508449792948955,0.375,"VSMC markers"
"CNN1","mast",TRUE,11,0.0271518897360287,0.3,"VSMC markers"
"CNN1","unassigned",TRUE,42,0.188706937327026,0.571428571428571,"VSMC markers"
"MCAM","macrophage",TRUE,170,0.0322625888030007,0.419047619047619,"VSMC markers"
"MCAM","vsmc",TRUE,85,1.21691460230127,0.933333333333333,"VSMC markers"
"MCAM","endothelial",TRUE,23,0.734690965015783,0.874015748031496,"VSMC markers"
"MCAM","fibroblast",TRUE,112,0.270155105777549,0.728915662650602,"VSMC markers"
"MCAM","t_nk",TRUE,9,0.0319239688791478,0.5,"VSMC markers"
"MCAM","b_cell",TRUE,13,0.117565490778514,0.583333333333333,"VSMC markers"
"MCAM","mast",TRUE,11,0.0341004563990044,0.32,"VSMC markers"
"MCAM","unassigned",TRUE,42,0.44388640070314,0.69047619047619,"VSMC markers"
"LST1","macrophage",TRUE,170,0.895713694644726,0.917647058823529,"Macrophage markers"
"LST1","vsmc",TRUE,85,0.00779296865230358,0.107142857142857,"Macrophage markers"
"LST1","endothelial",TRUE,23,0.0287866116618013,0.273885350318471,"Macrophage markers"
"LST1","fibroblast",TRUE,112,0.00465095136339044,0.0461538461538462,"Macrophage markers"
"LST1","t_nk",TRUE,9,0.207269148413493,0.63013698630137,"Macrophage markers"
"LST1","b_cell",TRUE,13,0.384364265750136,0.615384615384615,"Macrophage markers"
"LST1","mast",TRUE,11,0.294910093582665,0.6,"Macrophage markers"
"LST1","unassigned",TRUE,42,0.147024369863977,0.318181818181818,"Macrophage markers"
"TYROBP","macrophage",TRUE,170,2.65952263812866,1,"Macrophage markers"
"TYROBP","vsmc",TRUE,85,0.0511332523221004,0.361290322580645,"Macrophage markers"
"TYROBP","endothelial",TRUE,23,0.253726129236938,0.636363636363636,"Macrophage markers"
"TYROBP","fibroblast",TRUE,112,0.0560031552583052,0.4,"Macrophage markers"
"TYROBP","t_nk",TRUE,9,1.02832280235257,0.985714285714286,"Macrophage markers"
"TYROBP","b_cell",TRUE,13,1.39783098375524,0.857142857142857,"Macrophage markers"
"TYROBP","mast",TRUE,11,1.76384717537875,1,"Macrophage markers"
"TYROBP","unassigned",TRUE,42,0.71545239574181,0.568181818181818,"Macrophage markers"
"FCER1G","macrophage",TRUE,170,2.40953368336855,1,"Macrophage markers"
"FCER1G","vsmc",TRUE,85,0.04339901041725,0.26984126984127,"Macrophage markers"
"FCER1G","endothelial",TRUE,23,0.168025726953611,0.652173913043478,"Macrophage markers"
"FCER1G","fibroblast",TRUE,112,0.0474957182842804,0.308333333333333,"Macrophage markers"
"FCER1G","t_nk",TRUE,9,0.937285501399795,0.974358974358974,"Macrophage markers"
"FCER1G","b_cell",TRUE,13,1.17295458497954,0.857142857142857,"Macrophage markers"
"FCER1G","mast",TRUE,11,1.60913508405352,1,"Macrophage markers"
"FCER1G","unassigned",TRUE,42,0.579077272337064,0.641509433962264,"Macrophage markers"
"AIF1","macrophage",TRUE,170,1.73794204979413,1,"Macrophage markers"
"AIF1","vsmc",TRUE,85,0.0201468671394445,0.150793650793651,"Macrophage markers"
"AIF1","endothelial",TRUE,23,0.0609612462620512,0.423728813559322,"Macrophage markers"
"AIF1","fibroblast",TRUE,112,0.0227729747623786,0.107692307692308,"Macrophage markers"
"AIF1","t_nk",TRUE,9,0.507851678047685,0.833333333333333,"Macrophage markers"
"AIF1","b_cell",TRUE,13,0.806062264650521,0.75,"Macrophage markers"
"AIF1","mast",TRUE,11,0.944161347236019,0.833333333333333,"Macrophage markers"
"AIF1","unassigned",TRUE,42,0.432397241330453,0.483870967741935,"Macrophage markers"
"C1QA","macrophage",TRUE,170,2.67439894639165,1,"Macrophage markers"
"C1QA","vsmc",TRUE,85,0.0342596059444979,0.258928571428571,"Macrophage markers"
"C1QA","endothelial",TRUE,23,0.161297007964474,0.636363636363636,"Macrophage markers"
"C1QA","fibroblast",TRUE,112,0.0516895879545496,0.343589743589744,"Macrophage markers"
"C1QA","t_nk",TRUE,9,0.733584009144579,0.985714285714286,"Macrophage markers"
"C1QA","b_cell",TRUE,13,1.27520803820982,0.833333333333333,"Macrophage markers"
"C1QA","mast",TRUE,11,1.18163473477537,0.916666666666667,"Macrophage markers"
"C1QA","unassigned",TRUE,42,0.464744615017922,0.636363636363636,"Macrophage markers"
"C1QB","macrophage",TRUE,170,2.56759255911995,1,"Macrophage markers"
"C1QB","vsmc",TRUE,85,0.0352553558112821,0.214285714285714,"Macrophage markers"
"C1QB","endothelial",TRUE,23,0.21425314993702,0.636363636363636,"Macrophage markers"
"C1QB","fibroblast",TRUE,112,0.0463610063348749,0.179487179487179,"Macrophage markers"
"C1QB","t_nk",TRUE,9,0.677762072971994,0.957142857142857,"Macrophage markers"
"C1QB","b_cell",TRUE,13,0.969487220570987,0.857142857142857,"Macrophage markers"
"C1QB","mast",TRUE,11,1.22456326128566,1,"Macrophage markers"
"C1QB","unassigned",TRUE,42,0.397318886035759,0.586206896551724,"Macrophage markers"
"C1QC","macrophage",TRUE,170,2.76014573816406,1,"Macrophage markers"
"C1QC","vsmc",TRUE,85,0.038496542805387,0.282352941176471,"Macrophage markers"
"C1QC","endothelial",TRUE,23,0.16658427263909,0.636363636363636,"Macrophage markers"
"C1QC","fibroblast",TRUE,112,0.0486604487896951,0.261538461538462,"Macrophage markers"
"C1QC","t_nk",TRUE,9,0.850995173498125,0.986301369863014,"Macrophage markers"
"C1QC","b_cell",TRUE,13,1.10831838287221,0.875,"Macrophage markers"
"C1QC","mast",TRUE,11,1.30091614679792,1,"Macrophage markers"
"C1QC","unassigned",TRUE,42,0.57984786862805,0.580645161290323,"Macrophage markers"
"CD68","macrophage",TRUE,170,2.62293004055348,1,"Macrophage markers"
"CD68","vsmc",TRUE,85,0.307561544343202,0.721739130434783,"Macrophage markers"
"CD68","endothelial",TRUE,23,0.671984462062248,0.909090909090909,"Macrophage markers"
"CD68","fibroblast",TRUE,112,0.637359949082419,0.801980198019802,"Macrophage markers"
"CD68","t_nk",TRUE,9,1.34975117549297,1,"Macrophage markers"
"CD68","b_cell",TRUE,13,1.36680736993953,1,"Macrophage markers"
"CD68","mast",TRUE,11,1.30242712747962,1,"Macrophage markers"
"CD68","unassigned",TRUE,42,0.963659835865653,0.861111111111111,"Macrophage markers"
"PECAM1","macrophage",TRUE,170,0.953006999660452,0.969072164948454,"Endothelial markers"
"PECAM1","vsmc",TRUE,85,0.0854563728333438,0.373015873015873,"Endothelial markers"
"PECAM1","endothelial",TRUE,23,2.56602196259007,1,"Endothelial markers"
"PECAM1","fibroblast",TRUE,112,0.0995660405846014,0.362745098039216,"Endothelial markers"
"PECAM1","t_nk",TRUE,9,0.346133566421074,0.813559322033898,"Endothelial markers"
"PECAM1","b_cell",TRUE,13,0.706814240711802,0.875,"Endothelial markers"
"PECAM1","mast",TRUE,11,0.511190164942383,0.857142857142857,"Endothelial markers"
"PECAM1","unassigned",TRUE,42,0.433260551629667,0.638888888888889,"Endothelial markers"
"VWF","macrophage",TRUE,170,0.0791125056186368,0.159090909090909,"Endothelial markers"
"VWF","vsmc",TRUE,85,0.0137523247919166,0.104046242774566,"Endothelial markers"
"VWF","endothelial",TRUE,23,2.69848953081607,0.983050847457627,"Endothelial markers"
"VWF","fibroblast",TRUE,112,0.0132824073532282,0.125714285714286,"Endothelial markers"
"VWF","t_nk",TRUE,9,0.00676868102249218,0.0677966101694915,"Endothelial markers"
"VWF","b_cell",TRUE,13,0.0162616178722785,0.166666666666667,"Endothelial markers"
"VWF","mast",TRUE,11,0.0887243937713741,0.125,"Endothelial markers"
"VWF","unassigned",TRUE,42,0.0377139595071277,0.128205128205128,"Endothelial markers"
"CLDN5","macrophage",TRUE,170,0.0162797944700603,0.138095238095238,"Endothelial markers"
"CLDN5","vsmc",TRUE,85,0.00235968222196978,0.032258064516129,"Endothelial markers"
"CLDN5","endothelial",TRUE,23,0.762283154723553,0.774193548387097,"Endothelial markers"
"CLDN5","fibroblast",TRUE,112,0.0040859540414311,0.0487804878048781,"Endothelial markers"
"CLDN5","t_nk",TRUE,9,0.00656323151552513,0.0571428571428571,"Endothelial markers"
"CLDN5","b_cell",TRUE,13,0,0,"Endothelial markers"
"CLDN5","mast",TRUE,11,0.0159697104457512,0.1,"Endothelial markers"
"CLDN5","unassigned",TRUE,42,0.00865726009852871,0.0555555555555556,"Endothelial markers"
"CDH5","macrophage",TRUE,170,0.0116720699284007,0.140909090909091,"Endothelial markers"
"CDH5","vsmc",TRUE,85,0.00380652676433817,0.0258064516129032,"Endothelial markers"
"CDH5","endothelial",TRUE,23,1.15599381313763,0.833333333333333,"Endothelial markers"
"CDH5","fibroblast",TRUE,112,0.00318169434293963,0.032258064516129,"Endothelial markers"
"CDH5","t_nk",TRUE,9,0,0,"Endothelial markers"
"CDH5","b_cell",TRUE,13,0.00274381718220775,0.0714285714285714,"Endothelial markers"
"CDH5","mast",TRUE,11,0.0163389968803405,0.1,"Endothelial markers"
"CDH5","unassigned",TRUE,42,0.00699863688708988,0.0714285714285714,"Endothelial markers"
"COL1A1","macrophage",TRUE,170,0.152837141396689,0.569444444444444,"Fibroblast markers"
"COL1A1","vsmc",TRUE,85,1.49871893906937,0.992700729927007,"Fibroblast markers"
"COL1A1","endothelial",TRUE,23,0.251428644489482,0.785714285714286,"Fibroblast markers"
"COL1A1","fibroblast",TRUE,112,2.91339846614638,1,"Fibroblast markers"
"COL1A1","t_nk",TRUE,9,0.320554599205316,0.555555555555556,"Fibroblast markers"
"COL1A1","b_cell",TRUE,13,0.596058593142072,0.75,"Fibroblast markers"
"COL1A1","mast",TRUE,11,0.295089942271742,0.666666666666667,"Fibroblast markers"
"COL1A1","unassigned",TRUE,42,0.970628914149088,0.863636363636364,"Fibroblast markers"
"COL1A2","macrophage",TRUE,170,0.178702293974865,0.673575129533679,"Fibroblast markers"
"COL1A2","vsmc",TRUE,85,2.67145954355311,1,"Fibroblast markers"
"COL1A2","endothelial",TRUE,23,0.69123293180693,0.875,"Fibroblast markers"
"COL1A2","fibroblast",TRUE,112,3.73191080587546,1,"Fibroblast markers"
"COL1A2","t_nk",TRUE,9,0.301265586167518,0.833333333333333,"Fibroblast markers"
"COL1A2","b_cell",TRUE,13,0.704233023258842,0.75,"Fibroblast markers"
"COL1A2","mast",TRUE,11,0.361645252715548,0.8,"Fibroblast markers"
"COL1A2","unassigned",TRUE,42,1.70909441761837,0.876623376623377,"Fibroblast markers"
"DCN","macrophage",TRUE,170,0.0762174765961309,0.442455242966752,"Fibroblast markers"
"DCN","vsmc",TRUE,85,0.483033040741948,0.941176470588235,"Fibroblast markers"
"DCN","endothelial",TRUE,23,0.226508010288716,0.695652173913043,"Fibroblast markers"
"DCN","fibroblast",TRUE,112,2.00193667409205,0.994871794871795,"Fibroblast markers"
"DCN","t_nk",TRUE,9,0.092253925412791,0.5,"Fibroblast markers"
"DCN","b_cell",TRUE,13,0.210180651014906,0.541666666666667,"Fibroblast markers"
"DCN","mast",TRUE,11,0.0962336913256738,0.4,"Fibroblast markers"
"DCN","unassigned",TRUE,42,0.701764068290961,0.69811320754717,"Fibroblast markers"
"LUM","macrophage",TRUE,170,0.097406009200824,0.345238095238095,"Fibroblast markers"
"LUM","vsmc",TRUE,85,0.885109364053523,0.964705882352941,"Fibroblast markers"
"LUM","endothelial",TRUE,23,0.108546385494949,0.529411764705882,"Fibroblast markers"
"LUM","fibroblast",TRUE,112,3.0689463163339,1,"Fibroblast markers"
"LUM","t_nk",TRUE,9,0.2253690314178,0.5,"Fibroblast markers"
"LUM","b_cell",TRUE,13,0.220343771600565,0.428571428571429,"Fibroblast markers"
"LUM","mast",TRUE,11,0.170071941456117,0.5,"Fibroblast markers"
"LUM","unassigned",TRUE,42,1.06744850986114,0.772727272727273,"Fibroblast markers"
"CD3D","macrophage",TRUE,170,0.00189764617795613,0.0412371134020619,"T/NK markers"
"CD3D","vsmc",TRUE,85,0,0,"T/NK markers"
"CD3D","endothelial",TRUE,23,0,0,"T/NK markers"
"CD3D","fibroblast",TRUE,112,0.00016918352051973,0.00606060606060606,"T/NK markers"
"CD3D","t_nk",TRUE,9,0.389899220900026,0.333333333333333,"T/NK markers"
"CD3D","b_cell",TRUE,13,0,0,"T/NK markers"
"CD3D","mast",TRUE,11,0,0,"T/NK markers"
"CD3D","unassigned",TRUE,42,0.00219381109719284,0.0294117647058824,"T/NK markers"
"TRAC","macrophage",TRUE,170,0.0137400076058309,0.125,"T/NK markers"
"TRAC","vsmc",TRUE,85,0.0196050497111212,0.0864197530864197,"T/NK markers"
"TRAC","endothelial",TRUE,23,0.00921840542982409,0.0955414012738854,"T/NK markers"
"TRAC","fibroblast",TRUE,112,0.0514315988156025,0.125,"T/NK markers"
"TRAC","t_nk",TRUE,9,0.69213982827408,0.5,"T/NK markers"
"TRAC","b_cell",TRUE,13,0.00454213581632515,0.142857142857143,"T/NK markers"
"TRAC","mast",TRUE,11,0.0181582777233258,0.166666666666667,"T/NK markers"
"TRAC","unassigned",TRUE,42,0.034951182600288,0.132075471698113,"T/NK markers"
"NKG7","macrophage",TRUE,170,0.0264385969374011,0.135549872122762,"T/NK markers"
"NKG7","vsmc",TRUE,85,0,0,"T/NK markers"
"NKG7","endothelial",TRUE,23,0.000542595496447825,0.008,"T/NK markers"
"NKG7","fibroblast",TRUE,112,0,0,"T/NK markers"
"NKG7","t_nk",TRUE,9,0.552102135203744,0.5,"T/NK markers"
"NKG7","b_cell",TRUE,13,0.0269274655333296,0.222222222222222,"T/NK markers"
"NKG7","mast",TRUE,11,0.0135754144709518,0.0740740740740741,"T/NK markers"
"NKG7","unassigned",TRUE,42,0.0251433143744428,0.123376623376623,"T/NK markers"
"MS4A1","macrophage",TRUE,170,0,0,"B-cell markers"
"MS4A1","vsmc",TRUE,85,0,0,"B-cell markers"
"MS4A1","endothelial",TRUE,23,0,0,"B-cell markers"
"MS4A1","fibroblast",TRUE,112,0,0,"B-cell markers"
"MS4A1","t_nk",TRUE,9,0,0,"B-cell markers"
"MS4A1","b_cell",TRUE,13,0.00340072212842123,0.0625,"B-cell markers"
"MS4A1","mast",TRUE,11,0,0,"B-cell markers"
"MS4A1","unassigned",TRUE,42,0,0,"B-cell markers"
"CD79A","macrophage",TRUE,170,0.000146235470652013,0.00454545454545455,"B-cell markers"
"CD79A","vsmc",TRUE,85,0,0,"B-cell markers"
"CD79A","endothelial",TRUE,23,0,0,"B-cell markers"
"CD79A","fibroblast",TRUE,112,0,0,"B-cell markers"
"CD79A","t_nk",TRUE,9,0,0,"B-cell markers"
"CD79A","b_cell",TRUE,13,0.0946446029474995,0.2,"B-cell markers"
"CD79A","mast",TRUE,11,0,0,"B-cell markers"
"CD79A","unassigned",TRUE,42,0,0,"B-cell markers"
"TPSAB1","macrophage",TRUE,170,0.0206512639069267,0.141176470588235,"Mast-cell markers"
"TPSAB1","vsmc",TRUE,85,0,0,"Mast-cell markers"
"TPSAB1","endothelial",TRUE,23,0.000988535383262746,0.0236220472440945,"Mast-cell markers"
"TPSAB1","fibroblast",TRUE,112,0,0,"Mast-cell markers"
"TPSAB1","t_nk",TRUE,9,0.0176317103016471,0.125,"Mast-cell markers"
"TPSAB1","b_cell",TRUE,13,0.00638285810681833,0.0769230769230769,"Mast-cell markers"
"TPSAB1","mast",TRUE,11,0.665892880778112,0.8,"Mast-cell markers"
"TPSAB1","unassigned",TRUE,42,0.0161832086172769,0.0681818181818182,"Mast-cell markers"
"CPA3","macrophage",TRUE,170,0.00533142089311086,0.037037037037037,"Mast-cell markers"
"CPA3","vsmc",TRUE,85,0,0,"Mast-cell markers"
"CPA3","endothelial",TRUE,23,0,0,"Mast-cell markers"
"CPA3","fibroblast",TRUE,112,0,0,"Mast-cell markers"
"CPA3","t_nk",TRUE,9,0,0,"Mast-cell markers"
"CPA3","b_cell",TRUE,13,0,0,"Mast-cell markers"
"CPA3","mast",TRUE,11,0.852342319274199,0.8,"Mast-cell markers"
"CPA3","unassigned",TRUE,42,0.0104787410860271,0.0645161290322581,"Mast-cell markers"
"KIT","macrophage",TRUE,170,0.000568251427353886,0.0188679245283019,"Mast-cell markers"
"KIT","vsmc",TRUE,85,0.00339148247016175,0.0258064516129032,"Mast-cell markers"
"KIT","endothelial",TRUE,23,0.0480519479219615,0.125,"Mast-cell markers"
"KIT","fibroblast",TRUE,112,0.000531588395363374,0.0136986301369863,"Mast-cell markers"
"KIT","t_nk",TRUE,9,0.000684250128544076,0.0256410256410256,"Mast-cell markers"
"KIT","b_cell",TRUE,13,0.00563051288695022,0.0625,"Mast-cell markers"
"KIT","mast",TRUE,11,0.556380129809568,0.428571428571429,"Mast-cell markers"
"KIT","unassigned",TRUE,42,0.00468586679512606,0.0454545454545455,"Mast-cell markers"
"IL6","macrophage",TRUE,170,0.057854913338091,0.178571428571429,"Inflammatory VSMC-associated genes"
"IL6","vsmc",TRUE,85,0.0225083011763194,0.0802919708029197,"Inflammatory VSMC-associated genes"
"IL6","endothelial",TRUE,23,0.0536442155800566,0.149606299212598,"Inflammatory VSMC-associated genes"
"IL6","fibroblast",TRUE,112,0.0474184756591042,0.148571428571429,"Inflammatory VSMC-associated genes"
"IL6","t_nk",TRUE,9,0.0195487436404616,0.1,"Inflammatory VSMC-associated genes"
"IL6","b_cell",TRUE,13,0.00449513938861622,0.0625,"Inflammatory VSMC-associated genes"
"IL6","mast",TRUE,11,0.0141264749069448,0.125,"Inflammatory VSMC-associated genes"
"IL6","unassigned",TRUE,42,0.0317063377176635,0.0689655172413793,"Inflammatory VSMC-associated genes"
"CCL2","macrophage",TRUE,170,1.08687801694958,0.948837209302326,"Inflammatory VSMC-associated genes"
"CCL2","vsmc",TRUE,85,0.819659137621607,0.947368421052632,"Inflammatory VSMC-associated genes"
"CCL2","endothelial",TRUE,23,0.634142050864589,0.974522292993631,"Inflammatory VSMC-associated genes"
"CCL2","fibroblast",TRUE,112,1.15786863323661,0.958974358974359,"Inflammatory VSMC-associated genes"
"CCL2","t_nk",TRUE,9,1.01352070576986,0.983050847457627,"Inflammatory VSMC-associated genes"
"CCL2","b_cell",TRUE,13,1.12410841070106,0.928571428571429,"Inflammatory VSMC-associated genes"
"CCL2","mast",TRUE,11,0.861346422240605,0.909090909090909,"Inflammatory VSMC-associated genes"
"CCL2","unassigned",TRUE,42,1.02934969892709,0.95,"Inflammatory VSMC-associated genes"
"CCL5","macrophage",TRUE,170,0.214389170552799,0.619047619047619,"Inflammatory VSMC-associated genes"
"CCL5","vsmc",TRUE,85,0.0305465195441126,0.226277372262774,"Inflammatory VSMC-associated genes"
"CCL5","endothelial",TRUE,23,0.0371421350233985,0.304347826086957,"Inflammatory VSMC-associated genes"
"CCL5","fibroblast",TRUE,112,0.1372046633823,0.382857142857143,"Inflammatory VSMC-associated genes"
"CCL5","t_nk",TRUE,9,0.823549140999698,0.818181818181818,"Inflammatory VSMC-associated genes"
"CCL5","b_cell",TRUE,13,0.218151143237824,0.615384615384615,"Inflammatory VSMC-associated genes"
"CCL5","mast",TRUE,11,0.243340239592826,0.6,"Inflammatory VSMC-associated genes"
"CCL5","unassigned",TRUE,42,0.103454603453789,0.391304347826087,"Inflammatory VSMC-associated genes"
"CXCL8","macrophage",TRUE,170,0.893392904052562,0.896907216494845,"Inflammatory VSMC-associated genes"
"CXCL8","vsmc",TRUE,85,0.0370014113375328,0.193548387096774,"Inflammatory VSMC-associated genes"
"CXCL8","endothelial",TRUE,23,0.124832981111162,0.428571428571429,"Inflammatory VSMC-associated genes"
"CXCL8","fibroblast",TRUE,112,0.0211695002367862,0.169230769230769,"Inflammatory VSMC-associated genes"
"CXCL8","t_nk",TRUE,9,0.525801967018635,0.684931506849315,"Inflammatory VSMC-associated genes"
"CXCL8","b_cell",TRUE,13,0.607782409327578,0.692307692307692,"Inflammatory VSMC-associated genes"
"CXCL8","mast",TRUE,11,0.407404246114472,0.833333333333333,"Inflammatory VSMC-associated genes"
"CXCL8","unassigned",TRUE,42,0.4749375758698,0.472222222222222,"Inflammatory VSMC-associated genes"
"CXCL12","macrophage",TRUE,170,0.565672348277012,0.854219948849105,"Inflammatory VSMC-associated genes"
"CXCL12","vsmc",TRUE,85,1.43994772493553,0.984126984126984,"Inflammatory VSMC-associated genes"
"CXCL12","endothelial",TRUE,23,0.995987363417095,0.9375,"Inflammatory VSMC-associated genes"
"CXCL12","fibroblast",TRUE,112,1.99164089562435,0.994871794871795,"Inflammatory VSMC-associated genes"
"CXCL12","t_nk",TRUE,9,0.507027202429182,0.714285714285714,"Inflammatory VSMC-associated genes"
"CXCL12","b_cell",TRUE,13,0.579555997985228,0.857142857142857,"Inflammatory VSMC-associated genes"
"CXCL12","mast",TRUE,11,0.447639678314201,0.833333333333333,"Inflammatory VSMC-associated genes"
"CXCL12","unassigned",TRUE,42,0.994156946772516,0.896551724137931,"Inflammatory VSMC-associated genes"
"ICAM1","macrophage",TRUE,170,0.909750705665862,0.944444444444444,"Inflammatory VSMC-associated genes"
"ICAM1","vsmc",TRUE,85,0.171397026775609,0.552941176470588,"Inflammatory VSMC-associated genes"
"ICAM1","endothelial",TRUE,23,0.624794354461843,0.755905511811024,"Inflammatory VSMC-associated genes"
"ICAM1","fibroblast",TRUE,112,0.428529146525328,0.633663366336634,"Inflammatory VSMC-associated genes"
"ICAM1","t_nk",TRUE,9,0.706793522129953,0.8,"Inflammatory VSMC-associated genes"
"ICAM1","b_cell",TRUE,13,0.779815221234246,0.857142857142857,"Inflammatory VSMC-associated genes"
"ICAM1","mast",TRUE,11,0.667247061811655,0.8125,"Inflammatory VSMC-associated genes"
"ICAM1","unassigned",TRUE,42,0.565893527278264,0.681818181818182,"Inflammatory VSMC-associated genes"
"VCAM1","macrophage",TRUE,170,0.0739697000113917,0.320754716981132,"Inflammatory VSMC-associated genes"
"VCAM1","vsmc",TRUE,85,0.579929655642835,0.753968253968254,"Inflammatory VSMC-associated genes"
"VCAM1","endothelial",TRUE,23,0.353606561504102,0.571428571428571,"Inflammatory VSMC-associated genes"
"VCAM1","fibroblast",TRUE,112,1.16308968693425,0.907692307692308,"Inflammatory VSMC-associated genes"
"VCAM1","t_nk",TRUE,9,0.156944424372681,0.428571428571429,"Inflammatory VSMC-associated genes"
"VCAM1","b_cell",TRUE,13,0.224125704140132,0.357142857142857,"Inflammatory VSMC-associated genes"
"VCAM1","mast",TRUE,11,0.118583609410931,0.5,"Inflammatory VSMC-associated genes"
"VCAM1","unassigned",TRUE,42,0.437055941852228,0.647058823529412,"Inflammatory VSMC-associated genes"
"NFKB1","macrophage",TRUE,170,0.313621445990924,0.658823529411765,"Inflammatory VSMC-associated genes"
"NFKB1","vsmc",TRUE,85,0.144075956109308,0.348387096774194,"Inflammatory VSMC-associated genes"
"NFKB1","endothelial",TRUE,23,0.259888466132492,0.529411764705882,"Inflammatory VSMC-associated genes"
"NFKB1","fibroblast",TRUE,112,0.155142410695711,0.461538461538462,"Inflammatory VSMC-associated genes"
"NFKB1","t_nk",TRUE,9,0.308616385884427,0.625,"Inflammatory VSMC-associated genes"
"NFKB1","b_cell",TRUE,13,0.333735475228004,0.6,"Inflammatory VSMC-associated genes"
"NFKB1","mast",TRUE,11,0.348919130001616,0.5,"Inflammatory VSMC-associated genes"
"NFKB1","unassigned",TRUE,42,0.256525063272945,0.527777777777778,"Inflammatory VSMC-associated genes"
"RELA","macrophage",TRUE,170,0.327299083170644,0.680306905370844,"Inflammatory VSMC-associated genes"
"RELA","vsmc",TRUE,85,0.531807067303541,0.741071428571429,"Inflammatory VSMC-associated genes"
"RELA","endothelial",TRUE,23,0.562631858461922,0.777777777777778,"Inflammatory VSMC-associated genes"
"RELA","fibroblast",TRUE,112,0.44064070598603,0.707317073170732,"Inflammatory VSMC-associated genes"
"RELA","t_nk",TRUE,9,0.398149267028609,0.571428571428571,"Inflammatory VSMC-associated genes"
"RELA","b_cell",TRUE,13,0.357765992805013,0.6875,"Inflammatory VSMC-associated genes"
"RELA","mast",TRUE,11,0.397785160003551,0.727272727272727,"Inflammatory VSMC-associated genes"
"RELA","unassigned",TRUE,42,0.45070486542409,0.722222222222222,"Inflammatory VSMC-associated genes"
"STAT3","macrophage",TRUE,170,0.819119916390718,0.958762886597938,"Inflammatory VSMC-associated genes"
"STAT3","vsmc",TRUE,85,1.09065916015289,0.963235294117647,"Inflammatory VSMC-associated genes"
"STAT3","endothelial",TRUE,23,1.05581070050627,0.977777777777778,"Inflammatory VSMC-associated genes"
"STAT3","fibroblast",TRUE,112,0.994120664295538,0.96969696969697,"Inflammatory VSMC-associated genes"
"STAT3","t_nk",TRUE,9,0.85892833652153,0.915254237288136,"Inflammatory VSMC-associated genes"
"STAT3","b_cell",TRUE,13,0.780453599763606,1,"Inflammatory VSMC-associated genes"
"STAT3","mast",TRUE,11,0.856283603263169,1,"Inflammatory VSMC-associated genes"
"STAT3","unassigned",TRUE,42,0.93408209831981,0.922077922077922,"Inflammatory VSMC-associated genes"
"TNF","macrophage",TRUE,170,0.433504178317324,0.685714285714286,"Inflammatory VSMC-associated genes"
"TNF","vsmc",TRUE,85,0.0126958010496437,0.0451612903225806,"Inflammatory VSMC-associated genes"
"TNF","endothelial",TRUE,23,0.0372199163965137,0.299363057324841,"Inflammatory VSMC-associated genes"
"TNF","fibroblast",TRUE,112,0.00661763612937202,0.0416666666666667,"Inflammatory VSMC-associated genes"
"TNF","t_nk",TRUE,9,0.508488257136144,0.65,"Inflammatory VSMC-associated genes"
"TNF","b_cell",TRUE,13,0.365058677975372,0.555555555555556,"Inflammatory VSMC-associated genes"
"TNF","mast",TRUE,11,0.448457364382938,0.583333333333333,"Inflammatory VSMC-associated genes"
"TNF","unassigned",TRUE,42,0.142859665060532,0.333333333333333,"Inflammatory VSMC-associated genes"
"IL1B","macrophage",TRUE,170,0.904091259516954,0.855670103092783,"Inflammatory VSMC-associated genes"
"IL1B","vsmc",TRUE,85,0.0224196731806127,0.166666666666667,"Inflammatory VSMC-associated genes"
"IL1B","endothelial",TRUE,23,0.0750549193724279,0.372881355932203,"Inflammatory VSMC-associated genes"
"IL1B","fibroblast",TRUE,112,0.0164740531150543,0.0833333333333333,"Inflammatory VSMC-associated genes"
"IL1B","t_nk",TRUE,9,0.440303958970792,0.7,"Inflammatory VSMC-associated genes"
"IL1B","b_cell",TRUE,13,0.697018069619937,0.692307692307692,"Inflammatory VSMC-associated genes"
"IL1B","mast",TRUE,11,0.454796473658695,0.833333333333333,"Inflammatory VSMC-associated genes"
"IL1B","unassigned",TRUE,42,0.325281870862238,0.433962264150943,"Inflammatory VSMC-associated genes"
