"file","major_cell_type","n_cells","total_cells","fraction_of_cells","title_stub","file_stub.x","gsm","subject_status","tissue","group","file_stub.y"
"GSM8121894_athero_human_1.txt.gz","b_cell",16,721,0.0221914008321775,"athero_human_1","GSM8121894_athero_human_1","GSM8121894","Asymptomatic patient","Carotid Atherosclerotic Plaque","asymptomatic","GSM8121894_athero_human_1"
"GSM8121894_athero_human_1.txt.gz","macrophage",220,721,0.305131761442441,"athero_human_1","GSM8121894_athero_human_1","GSM8121894","Asymptomatic patient","Carotid Atherosclerotic Plaque","asymptomatic","GSM8121894_athero_human_1"
"GSM8121894_athero_human_1.txt.gz","endothelial",125,721,0.173370319001387,"athero_human_1","GSM8121894_athero_human_1","GSM8121894","Asymptomatic patient","Carotid Atherosclerotic Plaque","asymptomatic","GSM8121894_athero_human_1"
"GSM8121894_athero_human_1.txt.gz","mast",10,721,0.013869625520111,"athero_human_1","GSM8121894_athero_human_1","GSM8121894","Asymptomatic patient","Carotid Atherosclerotic Plaque","asymptomatic","GSM8121894_athero_human_1"
"GSM8121894_athero_human_1.txt.gz","fibroblast",195,721,0.270457697642164,"athero_human_1","GSM8121894_athero_human_1","GSM8121894","Asymptomatic patient","Carotid Atherosclerotic Plaque","asymptomatic","GSM8121894_athero_human_1"
"GSM8121894_athero_human_1.txt.gz","t_nk",39,721,0.0540915395284327,"athero_human_1","GSM8121894_athero_human_1","GSM8121894","Asymptomatic patient","Carotid Atherosclerotic Plaque","asymptomatic","GSM8121894_athero_human_1"
"GSM8121894_athero_human_1.txt.gz","unassigned",31,721,0.042995839112344,"athero_human_1","GSM8121894_athero_human_1","GSM8121894","Asymptomatic patient","Carotid Atherosclerotic Plaque","asymptomatic","GSM8121894_athero_human_1"
"GSM8121894_athero_human_1.txt.gz","vsmc",85,721,0.117891816920943,"athero_human_1","GSM8121894_athero_human_1","GSM8121894","Asymptomatic patient","Carotid Atherosclerotic Plaque","asymptomatic","GSM8121894_athero_human_1"
"GSM8121895_athero_human_2.txt.gz","endothelial",127,441,0.287981859410431,"athero_human_2","GSM8121895_athero_human_2","GSM8121895","Asymptomatic patient","Carotid Atherosclerotic Plaque","asymptomatic","GSM8121895_athero_human_2"
"GSM8121895_athero_human_2.txt.gz","b_cell",5,441,0.0113378684807256,"athero_human_2","GSM8121895_athero_human_2","GSM8121895","Asymptomatic patient","Carotid Atherosclerotic Plaque","asymptomatic","GSM8121895_athero_human_2"
"GSM8121895_athero_human_2.txt.gz","macrophage",10,441,0.0226757369614512,"athero_human_2","GSM8121895_athero_human_2","GSM8121895","Asymptomatic patient","Carotid Atherosclerotic Plaque","asymptomatic","GSM8121895_athero_human_2"
"GSM8121895_athero_human_2.txt.gz","unassigned",42,441,0.0952380952380952,"athero_human_2","GSM8121895_athero_human_2","GSM8121895","Asymptomatic patient","Carotid Atherosclerotic Plaque","asymptomatic","GSM8121895_athero_human_2"
"GSM8121895_athero_human_2.txt.gz","mast",6,441,0.0136054421768707,"athero_human_2","GSM8121895_athero_human_2","GSM8121895","Asymptomatic patient","Carotid Atherosclerotic Plaque","asymptomatic","GSM8121895_athero_human_2"
"GSM8121895_athero_human_2.txt.gz","vsmc",137,441,0.310657596371882,"athero_human_2","GSM8121895_athero_human_2","GSM8121895","Asymptomatic patient","Carotid Atherosclerotic Plaque","asymptomatic","GSM8121895_athero_human_2"
"GSM8121895_athero_human_2.txt.gz","fibroblast",112,441,0.253968253968254,"athero_human_2","GSM8121895_athero_human_2","GSM8121895","Asymptomatic patient","Carotid Atherosclerotic Plaque","asymptomatic","GSM8121895_athero_human_2"
"GSM8121895_athero_human_2.txt.gz","t_nk",2,441,0.00453514739229025,"athero_human_2","GSM8121895_athero_human_2","GSM8121895","Asymptomatic patient","Carotid Atherosclerotic Plaque","asymptomatic","GSM8121895_athero_human_2"
"GSM8121896_athero_human_3.txt.gz","macrophage",170,449,0.378619153674833,"athero_human_3","GSM8121896_athero_human_3","GSM8121896","Asymptomatic patient","Carotid Atherosclerotic Plaque","asymptomatic","GSM8121896_athero_human_3"
"GSM8121896_athero_human_3.txt.gz","endothelial",59,449,0.131403118040089,"athero_human_3","GSM8121896_athero_human_3","GSM8121896","Asymptomatic patient","Carotid Atherosclerotic Plaque","asymptomatic","GSM8121896_athero_human_3"
"GSM8121896_athero_human_3.txt.gz","vsmc",61,449,0.135857461024499,"athero_human_3","GSM8121896_athero_human_3","GSM8121896","Asymptomatic patient","Carotid Atherosclerotic Plaque","asymptomatic","GSM8121896_athero_human_3"
"GSM8121896_athero_human_3.txt.gz","b_cell",14,449,0.0311804008908686,"athero_human_3","GSM8121896_athero_human_3","GSM8121896","Asymptomatic patient","Carotid Atherosclerotic Plaque","asymptomatic","GSM8121896_athero_human_3"
"GSM8121896_athero_human_3.txt.gz","t_nk",6,449,0.0133630289532294,"athero_human_3","GSM8121896_athero_human_3","GSM8121896","Asymptomatic patient","Carotid Atherosclerotic Plaque","asymptomatic","GSM8121896_athero_human_3"
"GSM8121896_athero_human_3.txt.gz","unassigned",33,449,0.0734966592427617,"athero_human_3","GSM8121896_athero_human_3","GSM8121896","Asymptomatic patient","Carotid Atherosclerotic Plaque","asymptomatic","GSM8121896_athero_human_3"
"GSM8121896_athero_human_3.txt.gz","mast",5,449,0.0111358574610245,"athero_human_3","GSM8121896_athero_human_3","GSM8121896","Asymptomatic patient","Carotid Atherosclerotic Plaque","asymptomatic","GSM8121896_athero_human_3"
"GSM8121896_athero_human_3.txt.gz","fibroblast",101,449,0.224944320712695,"athero_human_3","GSM8121896_athero_human_3","GSM8121896","Asymptomatic patient","Carotid Atherosclerotic Plaque","asymptomatic","GSM8121896_athero_human_3"
"GSM8121897_athero_human_4.txt.gz","b_cell",6,417,0.0143884892086331,"athero_human_4","GSM8121897_athero_human_4","GSM8121897","Symptomatic patient","Carotid Atherosclerotic Plaque","symptomatic","GSM8121897_athero_human_4"
"GSM8121897_athero_human_4.txt.gz","macrophage",53,417,0.127098321342926,"athero_human_4","GSM8121897_athero_human_4","GSM8121897","Symptomatic patient","Carotid Atherosclerotic Plaque","symptomatic","GSM8121897_athero_human_4"
"GSM8121897_athero_human_4.txt.gz","unassigned",60,417,0.143884892086331,"athero_human_4","GSM8121897_athero_human_4","GSM8121897","Symptomatic patient","Carotid Atherosclerotic Plaque","symptomatic","GSM8121897_athero_human_4"
"GSM8121897_athero_human_4.txt.gz","endothelial",18,417,0.0431654676258993,"athero_human_4","GSM8121897_athero_human_4","GSM8121897","Symptomatic patient","Carotid Atherosclerotic Plaque","symptomatic","GSM8121897_athero_human_4"
"GSM8121897_athero_human_4.txt.gz","vsmc",112,417,0.268585131894484,"athero_human_4","GSM8121897_athero_human_4","GSM8121897","Symptomatic patient","Carotid Atherosclerotic Plaque","symptomatic","GSM8121897_athero_human_4"
"GSM8121897_athero_human_4.txt.gz","fibroblast",146,417,0.350119904076739,"athero_human_4","GSM8121897_athero_human_4","GSM8121897","Symptomatic patient","Carotid Atherosclerotic Plaque","symptomatic","GSM8121897_athero_human_4"
"GSM8121897_athero_human_4.txt.gz","t_nk",6,417,0.0143884892086331,"athero_human_4","GSM8121897_athero_human_4","GSM8121897","Symptomatic patient","Carotid Atherosclerotic Plaque","symptomatic","GSM8121897_athero_human_4"
"GSM8121897_athero_human_4.txt.gz","mast",16,417,0.0383693045563549,"athero_human_4","GSM8121897_athero_human_4","GSM8121897","Symptomatic patient","Carotid Atherosclerotic Plaque","symptomatic","GSM8121897_athero_human_4"
"GSM8121898_athero_human_5.txt.gz","unassigned",22,223,0.0986547085201794,"athero_human_5","GSM8121898_athero_human_5","GSM8121898","Asymptomatic patient","Carotid Atherosclerotic Plaque","asymptomatic","GSM8121898_athero_human_5"
"GSM8121898_athero_human_5.txt.gz","vsmc",41,223,0.183856502242152,"athero_human_5","GSM8121898_athero_human_5","GSM8121898","Asymptomatic patient","Carotid Atherosclerotic Plaque","asymptomatic","GSM8121898_athero_human_5"
"GSM8121898_athero_human_5.txt.gz","b_cell",7,223,0.031390134529148,"athero_human_5","GSM8121898_athero_human_5","GSM8121898","Asymptomatic patient","Carotid Atherosclerotic Plaque","asymptomatic","GSM8121898_athero_human_5"
"GSM8121898_athero_human_5.txt.gz","macrophage",7,223,0.031390134529148,"athero_human_5","GSM8121898_athero_human_5","GSM8121898","Asymptomatic patient","Carotid Atherosclerotic Plaque","asymptomatic","GSM8121898_athero_human_5"
"GSM8121898_athero_human_5.txt.gz","endothelial",90,223,0.403587443946188,"athero_human_5","GSM8121898_athero_human_5","GSM8121898","Asymptomatic patient","Carotid Atherosclerotic Plaque","asymptomatic","GSM8121898_athero_human_5"
"GSM8121898_athero_human_5.txt.gz","mast",11,223,0.0493273542600897,"athero_human_5","GSM8121898_athero_human_5","GSM8121898","Asymptomatic patient","Carotid Atherosclerotic Plaque","asymptomatic","GSM8121898_athero_human_5"
"GSM8121898_athero_human_5.txt.gz","fibroblast",41,223,0.183856502242152,"athero_human_5","GSM8121898_athero_human_5","GSM8121898","Asymptomatic patient","Carotid Atherosclerotic Plaque","asymptomatic","GSM8121898_athero_human_5"
"GSM8121898_athero_human_5.txt.gz","t_nk",4,223,0.0179372197309417,"athero_human_5","GSM8121898_athero_human_5","GSM8121898","Asymptomatic patient","Carotid Atherosclerotic Plaque","asymptomatic","GSM8121898_athero_human_5"
"GSM8121899_athero_human_6.txt.gz","t_nk",10,251,0.0398406374501992,"athero_human_6","GSM8121899_athero_human_6","GSM8121899","Symptomatic patient","Carotid Atherosclerotic Plaque","symptomatic","GSM8121899_athero_human_6"
"GSM8121899_athero_human_6.txt.gz","b_cell",16,251,0.0637450199203187,"athero_human_6","GSM8121899_athero_human_6","GSM8121899","Symptomatic patient","Carotid Atherosclerotic Plaque","symptomatic","GSM8121899_athero_human_6"
"GSM8121899_athero_human_6.txt.gz","unassigned",87,251,0.346613545816733,"athero_human_6","GSM8121899_athero_human_6","GSM8121899","Symptomatic patient","Carotid Atherosclerotic Plaque","symptomatic","GSM8121899_athero_human_6"
"GSM8121899_athero_human_6.txt.gz","endothelial",64,251,0.254980079681275,"athero_human_6","GSM8121899_athero_human_6","GSM8121899","Symptomatic patient","Carotid Atherosclerotic Plaque","symptomatic","GSM8121899_athero_human_6"
"GSM8121899_athero_human_6.txt.gz","vsmc",21,251,0.0836653386454183,"athero_human_6","GSM8121899_athero_human_6","GSM8121899","Symptomatic patient","Carotid Atherosclerotic Plaque","symptomatic","GSM8121899_athero_human_6"
"GSM8121899_athero_human_6.txt.gz","fibroblast",30,251,0.119521912350598,"athero_human_6","GSM8121899_athero_human_6","GSM8121899","Symptomatic patient","Carotid Atherosclerotic Plaque","symptomatic","GSM8121899_athero_human_6"
"GSM8121899_athero_human_6.txt.gz","macrophage",5,251,0.0199203187250996,"athero_human_6","GSM8121899_athero_human_6","GSM8121899","Symptomatic patient","Carotid Atherosclerotic Plaque","symptomatic","GSM8121899_athero_human_6"
"GSM8121899_athero_human_6.txt.gz","mast",18,251,0.0717131474103586,"athero_human_6","GSM8121899_athero_human_6","GSM8121899","Symptomatic patient","Carotid Atherosclerotic Plaque","symptomatic","GSM8121899_athero_human_6"
"GSM8121900_athero_human_7.txt.gz","unassigned",46,650,0.0707692307692308,"athero_human_7","GSM8121900_athero_human_7","GSM8121900","Symptomatic patient","Carotid Atherosclerotic Plaque","symptomatic","GSM8121900_athero_human_7"
"GSM8121900_athero_human_7.txt.gz","t_nk",73,650,0.112307692307692,"athero_human_7","GSM8121900_athero_human_7","GSM8121900","Symptomatic patient","Carotid Atherosclerotic Plaque","symptomatic","GSM8121900_athero_human_7"
"GSM8121900_athero_human_7.txt.gz","b_cell",12,650,0.0184615384615385,"athero_human_7","GSM8121900_athero_human_7","GSM8121900","Symptomatic patient","Carotid Atherosclerotic Plaque","symptomatic","GSM8121900_athero_human_7"
"GSM8121900_athero_human_7.txt.gz","macrophage",193,650,0.296923076923077,"athero_human_7","GSM8121900_athero_human_7","GSM8121900","Symptomatic patient","Carotid Atherosclerotic Plaque","symptomatic","GSM8121900_athero_human_7"
"GSM8121900_athero_human_7.txt.gz","endothelial",14,650,0.0215384615384615,"athero_human_7","GSM8121900_athero_human_7","GSM8121900","Symptomatic patient","Carotid Atherosclerotic Plaque","symptomatic","GSM8121900_athero_human_7"
"GSM8121900_athero_human_7.txt.gz","mast",10,650,0.0153846153846154,"athero_human_7","GSM8121900_athero_human_7","GSM8121900","Symptomatic patient","Carotid Atherosclerotic Plaque","symptomatic","GSM8121900_athero_human_7"
"GSM8121900_athero_human_7.txt.gz","vsmc",136,650,0.209230769230769,"athero_human_7","GSM8121900_athero_human_7","GSM8121900","Symptomatic patient","Carotid Atherosclerotic Plaque","symptomatic","GSM8121900_athero_human_7"
"GSM8121900_athero_human_7.txt.gz","fibroblast",166,650,0.255384615384615,"athero_human_7","GSM8121900_athero_human_7","GSM8121900","Symptomatic patient","Carotid Atherosclerotic Plaque","symptomatic","GSM8121900_athero_human_7"
"GSM8121901_athero_human_8.txt.gz","b_cell",9,220,0.0409090909090909,"athero_human_8","GSM8121901_athero_human_8","GSM8121901","Symptomatic patient","Carotid Atherosclerotic Plaque","symptomatic","GSM8121901_athero_human_8"
"GSM8121901_athero_human_8.txt.gz","unassigned",34,220,0.154545454545455,"athero_human_8","GSM8121901_athero_human_8","GSM8121901","Symptomatic patient","Carotid Atherosclerotic Plaque","symptomatic","GSM8121901_athero_human_8"
"GSM8121901_athero_human_8.txt.gz","mast",20,220,0.0909090909090909,"athero_human_8","GSM8121901_athero_human_8","GSM8121901","Symptomatic patient","Carotid Atherosclerotic Plaque","symptomatic","GSM8121901_athero_human_8"
"GSM8121901_athero_human_8.txt.gz","t_nk",8,220,0.0363636363636364,"athero_human_8","GSM8121901_athero_human_8","GSM8121901","Symptomatic patient","Carotid Atherosclerotic Plaque","symptomatic","GSM8121901_athero_human_8"
"GSM8121901_athero_human_8.txt.gz","fibroblast",31,220,0.140909090909091,"athero_human_8","GSM8121901_athero_human_8","GSM8121901","Symptomatic patient","Carotid Atherosclerotic Plaque","symptomatic","GSM8121901_athero_human_8"
"GSM8121901_athero_human_8.txt.gz","macrophage",97,220,0.440909090909091,"athero_human_8","GSM8121901_athero_human_8","GSM8121901","Symptomatic patient","Carotid Atherosclerotic Plaque","symptomatic","GSM8121901_athero_human_8"
"GSM8121901_athero_human_8.txt.gz","endothelial",6,220,0.0272727272727273,"athero_human_8","GSM8121901_athero_human_8","GSM8121901","Symptomatic patient","Carotid Atherosclerotic Plaque","symptomatic","GSM8121901_athero_human_8"
"GSM8121901_athero_human_8.txt.gz","vsmc",15,220,0.0681818181818182,"athero_human_8","GSM8121901_athero_human_8","GSM8121901","Symptomatic patient","Carotid Atherosclerotic Plaque","symptomatic","GSM8121901_athero_human_8"
"GSM8121902_athero_human_9.txt.gz","t_nk",59,821,0.071863580998782,"athero_human_9","GSM8121902_athero_human_9","GSM8121902","Asymptomatic patient","Carotid Atherosclerotic Plaque","asymptomatic","GSM8121902_athero_human_9"
"GSM8121902_athero_human_9.txt.gz","b_cell",32,821,0.0389768574908648,"athero_human_9","GSM8121902_athero_human_9","GSM8121902","Asymptomatic patient","Carotid Atherosclerotic Plaque","asymptomatic","GSM8121902_athero_human_9"
"GSM8121902_athero_human_9.txt.gz","macrophage",391,821,0.476248477466504,"athero_human_9","GSM8121902_athero_human_9","GSM8121902","Asymptomatic patient","Carotid Atherosclerotic Plaque","asymptomatic","GSM8121902_athero_human_9"
"GSM8121902_athero_human_9.txt.gz","unassigned",154,821,0.187576126674787,"athero_human_9","GSM8121902_athero_human_9","GSM8121902","Asymptomatic patient","Carotid Atherosclerotic Plaque","asymptomatic","GSM8121902_athero_human_9"
"GSM8121902_athero_human_9.txt.gz","mast",27,821,0.0328867235079172,"athero_human_9","GSM8121902_athero_human_9","GSM8121902","Asymptomatic patient","Carotid Atherosclerotic Plaque","asymptomatic","GSM8121902_athero_human_9"
"GSM8121902_athero_human_9.txt.gz","vsmc",76,821,0.0925700365408039,"athero_human_9","GSM8121902_athero_human_9","GSM8121902","Asymptomatic patient","Carotid Atherosclerotic Plaque","asymptomatic","GSM8121902_athero_human_9"
"GSM8121902_athero_human_9.txt.gz","fibroblast",65,821,0.0791717417783191,"athero_human_9","GSM8121902_athero_human_9","GSM8121902","Asymptomatic patient","Carotid Atherosclerotic Plaque","asymptomatic","GSM8121902_athero_human_9"
"GSM8121902_athero_human_9.txt.gz","endothelial",17,821,0.0207064555420219,"athero_human_9","GSM8121902_athero_human_9","GSM8121902","Asymptomatic patient","Carotid Atherosclerotic Plaque","asymptomatic","GSM8121902_athero_human_9"
"GSM8121903_athero_human_10.txt.gz","macrophage",144,433,0.33256351039261,"athero_human_10","GSM8121903_athero_human_10","GSM8121903","Symptomatic patient","Carotid Atherosclerotic Plaque","symptomatic","GSM8121903_athero_human_10"
"GSM8121903_athero_human_10.txt.gz","mast",7,433,0.0161662817551963,"athero_human_10","GSM8121903_athero_human_10","GSM8121903","Symptomatic patient","Carotid Atherosclerotic Plaque","symptomatic","GSM8121903_athero_human_10"
"GSM8121903_athero_human_10.txt.gz","t_nk",7,433,0.0161662817551963,"athero_human_10","GSM8121903_athero_human_10","GSM8121903","Symptomatic patient","Carotid Atherosclerotic Plaque","symptomatic","GSM8121903_athero_human_10"
"GSM8121903_athero_human_10.txt.gz","b_cell",14,433,0.0323325635103926,"athero_human_10","GSM8121903_athero_human_10","GSM8121903","Symptomatic patient","Carotid Atherosclerotic Plaque","symptomatic","GSM8121903_athero_human_10"
"GSM8121903_athero_human_10.txt.gz","unassigned",44,433,0.10161662817552,"athero_human_10","GSM8121903_athero_human_10","GSM8121903","Symptomatic patient","Carotid Atherosclerotic Plaque","symptomatic","GSM8121903_athero_human_10"
"GSM8121903_athero_human_10.txt.gz","endothelial",11,433,0.0254041570438799,"athero_human_10","GSM8121903_athero_human_10","GSM8121903","Symptomatic patient","Carotid Atherosclerotic Plaque","symptomatic","GSM8121903_athero_human_10"
"GSM8121903_athero_human_10.txt.gz","vsmc",126,433,0.290993071593533,"athero_human_10","GSM8121903_athero_human_10","GSM8121903","Symptomatic patient","Carotid Atherosclerotic Plaque","symptomatic","GSM8121903_athero_human_10"
"GSM8121903_athero_human_10.txt.gz","fibroblast",80,433,0.184757505773672,"athero_human_10","GSM8121903_athero_human_10","GSM8121903","Symptomatic patient","Carotid Atherosclerotic Plaque","symptomatic","GSM8121903_athero_human_10"
"GSM8121904_athero_human_11.txt.gz","fibroblast",165,615,0.268292682926829,"athero_human_11","GSM8121904_athero_human_11","GSM8121904","Symptomatic patient","Carotid Atherosclerotic Plaque","symptomatic","GSM8121904_athero_human_11"
"GSM8121904_athero_human_11.txt.gz","t_nk",8,615,0.0130081300813008,"athero_human_11","GSM8121904_athero_human_11","GSM8121904","Symptomatic patient","Carotid Atherosclerotic Plaque","symptomatic","GSM8121904_athero_human_11"
"GSM8121904_athero_human_11.txt.gz","macrophage",256,615,0.416260162601626,"athero_human_11","GSM8121904_athero_human_11","GSM8121904","Symptomatic patient","Carotid Atherosclerotic Plaque","symptomatic","GSM8121904_athero_human_11"
"GSM8121904_athero_human_11.txt.gz","unassigned",29,615,0.0471544715447154,"athero_human_11","GSM8121904_athero_human_11","GSM8121904","Symptomatic patient","Carotid Atherosclerotic Plaque","symptomatic","GSM8121904_athero_human_11"
"GSM8121904_athero_human_11.txt.gz","mast",30,615,0.0487804878048781,"athero_human_11","GSM8121904_athero_human_11","GSM8121904","Symptomatic patient","Carotid Atherosclerotic Plaque","symptomatic","GSM8121904_athero_human_11"
"GSM8121904_athero_human_11.txt.gz","vsmc",115,615,0.186991869918699,"athero_human_11","GSM8121904_athero_human_11","GSM8121904","Symptomatic patient","Carotid Atherosclerotic Plaque","symptomatic","GSM8121904_athero_human_11"
"GSM8121904_athero_human_11.txt.gz","b_cell",4,615,0.00650406504065041,"athero_human_11","GSM8121904_athero_human_11","GSM8121904","Symptomatic patient","Carotid Atherosclerotic Plaque","symptomatic","GSM8121904_athero_human_11"
"GSM8121904_athero_human_11.txt.gz","endothelial",8,615,0.0130081300813008,"athero_human_11","GSM8121904_athero_human_11","GSM8121904","Symptomatic patient","Carotid Atherosclerotic Plaque","symptomatic","GSM8121904_athero_human_11"
"GSM8121905_athero_human_12.txt.gz","macrophage",216,564,0.382978723404255,"athero_human_12","GSM8121905_athero_human_12","GSM8121905","Symptomatic patient","Carotid Atherosclerotic Plaque","symptomatic","GSM8121905_athero_human_12"
"GSM8121905_athero_human_12.txt.gz","fibroblast",175,564,0.310283687943262,"athero_human_12","GSM8121905_athero_human_12","GSM8121905","Symptomatic patient","Carotid Atherosclerotic Plaque","symptomatic","GSM8121905_athero_human_12"
"GSM8121905_athero_human_12.txt.gz","t_nk",9,564,0.0159574468085106,"athero_human_12","GSM8121905_athero_human_12","GSM8121905","Symptomatic patient","Carotid Atherosclerotic Plaque","symptomatic","GSM8121905_athero_human_12"
"GSM8121905_athero_human_12.txt.gz","b_cell",13,564,0.0230496453900709,"athero_human_12","GSM8121905_athero_human_12","GSM8121905","Symptomatic patient","Carotid Atherosclerotic Plaque","symptomatic","GSM8121905_athero_human_12"
"GSM8121905_athero_human_12.txt.gz","unassigned",39,564,0.0691489361702128,"athero_human_12","GSM8121905_athero_human_12","GSM8121905","Symptomatic patient","Carotid Atherosclerotic Plaque","symptomatic","GSM8121905_athero_human_12"
"GSM8121905_athero_human_12.txt.gz","endothelial",6,564,0.0106382978723404,"athero_human_12","GSM8121905_athero_human_12","GSM8121905","Symptomatic patient","Carotid Atherosclerotic Plaque","symptomatic","GSM8121905_athero_human_12"
"GSM8121905_athero_human_12.txt.gz","mast",25,564,0.0443262411347518,"athero_human_12","GSM8121905_athero_human_12","GSM8121905","Symptomatic patient","Carotid Atherosclerotic Plaque","symptomatic","GSM8121905_athero_human_12"
"GSM8121905_athero_human_12.txt.gz","vsmc",81,564,0.143617021276596,"athero_human_12","GSM8121905_athero_human_12","GSM8121905","Symptomatic patient","Carotid Atherosclerotic Plaque","symptomatic","GSM8121905_athero_human_12"
"GSM8121906_athero_human_13.txt.gz","t_nk",20,897,0.0222965440356745,"athero_human_13","GSM8121906_athero_human_13","GSM8121906","Asymptomatic patient","Carotid Atherosclerotic Plaque","asymptomatic","GSM8121906_athero_human_13"
"GSM8121906_athero_human_13.txt.gz","macrophage",215,897,0.239687848383501,"athero_human_13","GSM8121906_athero_human_13","GSM8121906","Asymptomatic patient","Carotid Atherosclerotic Plaque","asymptomatic","GSM8121906_athero_human_13"
"GSM8121906_athero_human_13.txt.gz","endothelial",23,897,0.0256410256410256,"athero_human_13","GSM8121906_athero_human_13","GSM8121906","Asymptomatic patient","Carotid Atherosclerotic Plaque","asymptomatic","GSM8121906_athero_human_13"
"GSM8121906_athero_human_13.txt.gz","fibroblast",204,897,0.22742474916388,"athero_human_13","GSM8121906_athero_human_13","GSM8121906","Asymptomatic patient","Carotid Atherosclerotic Plaque","asymptomatic","GSM8121906_athero_human_13"
"GSM8121906_athero_human_13.txt.gz","vsmc",346,897,0.385730211817168,"athero_human_13","GSM8121906_athero_human_13","GSM8121906","Asymptomatic patient","Carotid Atherosclerotic Plaque","asymptomatic","GSM8121906_athero_human_13"
"GSM8121906_athero_human_13.txt.gz","b_cell",24,897,0.0267558528428094,"athero_human_13","GSM8121906_athero_human_13","GSM8121906","Asymptomatic patient","Carotid Atherosclerotic Plaque","asymptomatic","GSM8121906_athero_human_13"
"GSM8121906_athero_human_13.txt.gz","unassigned",53,897,0.0590858416945373,"athero_human_13","GSM8121906_athero_human_13","GSM8121906","Asymptomatic patient","Carotid Atherosclerotic Plaque","asymptomatic","GSM8121906_athero_human_13"
"GSM8121906_athero_human_13.txt.gz","mast",12,897,0.0133779264214047,"athero_human_13","GSM8121906_athero_human_13","GSM8121906","Asymptomatic patient","Carotid Atherosclerotic Plaque","asymptomatic","GSM8121906_athero_human_13"
"GSM8121907_athero_human_14.txt.gz","fibroblast",120,779,0.154043645699615,"athero_human_14","GSM8121907_athero_human_14","GSM8121907","Asymptomatic patient","Carotid Atherosclerotic Plaque","asymptomatic","GSM8121907_athero_human_14"
"GSM8121907_athero_human_14.txt.gz","t_nk",70,779,0.0898587933247754,"athero_human_14","GSM8121907_athero_human_14","GSM8121907","Asymptomatic patient","Carotid Atherosclerotic Plaque","asymptomatic","GSM8121907_athero_human_14"
"GSM8121907_athero_human_14.txt.gz","b_cell",23,779,0.0295250320924262,"athero_human_14","GSM8121907_athero_human_14","GSM8121907","Asymptomatic patient","Carotid Atherosclerotic Plaque","asymptomatic","GSM8121907_athero_human_14"
"GSM8121907_athero_human_14.txt.gz","macrophage",210,779,0.269576379974326,"athero_human_14","GSM8121907_athero_human_14","GSM8121907","Asymptomatic patient","Carotid Atherosclerotic Plaque","asymptomatic","GSM8121907_athero_human_14"
"GSM8121907_athero_human_14.txt.gz","endothelial",157,779,0.201540436456996,"athero_human_14","GSM8121907_athero_human_14","GSM8121907","Asymptomatic patient","Carotid Atherosclerotic Plaque","asymptomatic","GSM8121907_athero_human_14"
"GSM8121907_athero_human_14.txt.gz","mast",8,779,0.0102695763799743,"athero_human_14","GSM8121907_athero_human_14","GSM8121907","Asymptomatic patient","Carotid Atherosclerotic Plaque","asymptomatic","GSM8121907_athero_human_14"
"GSM8121907_athero_human_14.txt.gz","vsmc",155,779,0.198973042362003,"athero_human_14","GSM8121907_athero_human_14","GSM8121907","Asymptomatic patient","Carotid Atherosclerotic Plaque","asymptomatic","GSM8121907_athero_human_14"
"GSM8121907_athero_human_14.txt.gz","unassigned",36,779,0.0462130937098845,"athero_human_14","GSM8121907_athero_human_14","GSM8121907","Asymptomatic patient","Carotid Atherosclerotic Plaque","asymptomatic","GSM8121907_athero_human_14"
"GSM8121908_athero_human_15.txt.gz","b_cell",12,209,0.0574162679425837,"athero_human_15","GSM8121908_athero_human_15","GSM8121908","Symptomatic patient","Carotid Atherosclerotic Plaque","symptomatic","GSM8121908_athero_human_15"
"GSM8121908_athero_human_15.txt.gz","endothelial",31,209,0.148325358851675,"athero_human_15","GSM8121908_athero_human_15","GSM8121908","Symptomatic patient","Carotid Atherosclerotic Plaque","symptomatic","GSM8121908_athero_human_15"
"GSM8121908_athero_human_15.txt.gz","fibroblast",14,209,0.0669856459330144,"athero_human_15","GSM8121908_athero_human_15","GSM8121908","Symptomatic patient","Carotid Atherosclerotic Plaque","symptomatic","GSM8121908_athero_human_15"
"GSM8121908_athero_human_15.txt.gz","t_nk",11,209,0.0526315789473684,"athero_human_15","GSM8121908_athero_human_15","GSM8121908","Symptomatic patient","Carotid Atherosclerotic Plaque","symptomatic","GSM8121908_athero_human_15"
"GSM8121908_athero_human_15.txt.gz","macrophage",84,209,0.401913875598086,"athero_human_15","GSM8121908_athero_human_15","GSM8121908","Symptomatic patient","Carotid Atherosclerotic Plaque","symptomatic","GSM8121908_athero_human_15"
"GSM8121908_athero_human_15.txt.gz","unassigned",42,209,0.200956937799043,"athero_human_15","GSM8121908_athero_human_15","GSM8121908","Symptomatic patient","Carotid Atherosclerotic Plaque","symptomatic","GSM8121908_athero_human_15"
"GSM8121908_athero_human_15.txt.gz","mast",11,209,0.0526315789473684,"athero_human_15","GSM8121908_athero_human_15","GSM8121908","Symptomatic patient","Carotid Atherosclerotic Plaque","symptomatic","GSM8121908_athero_human_15"
"GSM8121908_athero_human_15.txt.gz","vsmc",4,209,0.0191387559808612,"athero_human_15","GSM8121908_athero_human_15","GSM8121908","Symptomatic patient","Carotid Atherosclerotic Plaque","symptomatic","GSM8121908_athero_human_15"
