"sc_cluster","gene","mean_in","mean_out","logFC","pct_in","pct_out"
"C1","RAC2",3.76177097416069,0.636817968289218,3.12495300587147,0.951807228915663,0.474398602338395
"C1","TRAC",3.178359441593,0.0787365459415152,3.09962289565148,0.8714859437751,0.154145948125252
"C1","TRBC2",2.98083143597973,0.0355590232858057,2.94527241269392,0.879518072289157,0.0963580163956457
"C1","CD52",3.31792838329677,0.414092778725497,2.90383560457127,0.93574297188755,0.394973793844913
"C1","CORO1A",3.43317984412652,0.636484548642439,2.79669529548408,0.951807228915663,0.445504636473592
"C1","PTPRC",3.47914411901362,0.947759873760534,2.53138424525309,0.983935742971888,0.501814272275232
"C1","CORO1B",3.57155994051545,1.0677660696743,2.50379387084116,0.959839357429719,0.759709716435963
"C1","CD3E",2.44589941553955,0.0157055682177789,2.43019384732178,0.775100401606426,0.0512027953232092
"C1","CD3D",2.44233382523007,0.0185208604544263,2.42381296477564,0.783132530120482,0.0600725708910093
"C1","IL32",3.09282436270839,0.751417686059717,2.34140667664867,0.891566265060241,0.670608789141244
"C1","TRBC1",2.34718972850612,0.0215518850173766,2.32563784348875,0.8714859437751,0.0612820857411638
"C1","LCP1",3.47445274856703,1.1592403664896,2.31521238207743,0.983935742971888,0.532992877301438
"C1","SELPLG",2.91539466638288,0.683790690057817,2.23160397632506,0.919678714859438,0.446579760784841
"C1","CXCR4",3.18346811616596,0.997903049724459,2.1855650664415,0.93574297188755,0.53393361107378
"C1","CTSW",2.15590150130074,0.0502826240643394,2.1056188772364,0.690763052208835,0.133181024055906
"C1","IL7R",2.17151391195872,0.147603419900311,2.02391049205841,0.718875502008032,0.233436366079828
"C1","NKG7",2.04890401909338,0.0561364555479381,1.99276756354544,0.718875502008032,0.108587555436097
"C1","CD53",2.96718071305498,1.05528268690404,1.91189802615094,0.955823293172691,0.523854320655826
"C1","LAPTM5",3.78063289646641,1.89170715321079,1.88892574325562,0.987951807228916,0.672355866147023
"C1","BTG1",3.1523079546518,1.34259335686923,1.80971459778257,0.939759036144578,0.866953366483
"C1","HCST",2.43877907608576,0.760905866412382,1.67787320967338,0.907630522088353,0.460018814675447
"C1","TXNIP",3.60829023185228,1.99841031289052,1.60987991896176,0.959839357429719,0.899072705281548
"C1","IFITM1",3.07020270193256,1.47436250688561,1.59584019504695,0.931726907630522,0.820991802177127
"C1","GIMAP7",2.13106363544111,0.535628356193094,1.59543527924802,0.755020080321285,0.37360569815885
"C1","PSMB9",2.48496406146217,0.972730434594419,1.51223362686775,0.899598393574297,0.768713882542669
"C1","LTB",1.51606487245348,0.0555641325803224,1.46050073987316,0.578313253012048,0.0882945840612821
"C1","LSP1",2.77489154482525,1.40110928452552,1.37378226029973,0.955823293172691,0.734444295121623
"C1","ITGB2",2.83636001375408,1.48530886222676,1.35105115152733,0.971887550200803,0.626259911302244
"C1","FYB1",2.25411305169713,0.917501218645816,1.33661183305131,0.903614457831325,0.499932804730547
"C1","GNLY",1.36299807855633,0.038686700162322,1.32431137839401,0.578313253012048,0.0951485015454912
"C10","COL1A2",4.79678644423553,1.68327697142339,3.11350947281215,1,0.790818741126361
"C10","LUM",3.9440563162838,0.948493799582049,2.99556251670175,0.987416728349371,0.606878056475785
"C10","COL1A1",4.14304555390171,1.16806215909866,2.97498339480305,0.997779422649889,0.722038176368512
"C10","COL3A1",4.03513539193531,1.24305094453158,2.79208444740373,0.998519615099926,0.714150496923805
"C10","THBS2",4.29260990975519,1.50284622843554,2.78976368131965,0.999259807549963,0.727086291213125
"C10","AEBP1",4.27288953711114,1.63208290159199,2.64080663551915,1,0.74743650418047
"C10","C1R",4.06974236694312,1.50484500342878,2.56489736351434,1,0.821107430194037
"C10","PRELP",4.00877031762115,1.45987257141896,2.54889774620219,0.999259807549963,0.806909607193564
"C10","SULF1",3.94249855015529,1.39462912525952,2.54786942489577,0.999259807549963,0.749960561602776
"C10","BGN",4.91443943789971,2.37715505936024,2.53728437853947,1,0.867171478151128
"C10","CCDC80",3.43239666011559,1.01790874564294,2.41448791447265,0.997779422649889,0.738129042435715
"C10","VCAN",4.47107935385277,2.07119756915256,2.3998817847002,1,0.904716832307935
"C10","LTBP2",3.66484546356403,1.27001746563731,2.39482799792672,0.998519615099926,0.764789398958826
"C10","PCOLCE",3.30163117827729,0.914908215695477,2.38672296258182,0.998519615099926,0.586843350686228
"C10","CFH",3.54656629812741,1.16729111767536,2.37927518045205,0.998519615099926,0.706893831834674
"C10","COL6A3",3.10013368615592,0.726944842135384,2.37318884402053,0.988156920799408,0.660987537466477
"C10","CCN2",4.29198363313185,1.93412223466547,2.35786139846639,0.998519615099926,0.822527212494084
"C10","EFEMP1",4.25409175801622,1.94603479030587,2.30805696771035,1,0.826313298627544
"C10","ISLR",3.11782382239378,0.811619701969004,2.30620412042478,0.996299037749815,0.558132197507493
"C10","DCN",3.01333327053189,0.725070364550706,2.28826290598118,0.954848260547742,0.602460955986749
"C10","C1S",3.66729463035116,1.40032095104259,2.26697367930857,0.998519615099926,0.781826786559394
"C10","LTBP1",3.6968311591074,1.45877077136114,2.23806038774625,1,0.701372456223379
"C10","POSTN",3.17943564166947,0.972901017627449,2.20653462404202,0.974833456698742,0.685754850922858
"C10","FBLN1",2.66715974920662,0.562777891141739,2.10438185806488,0.979274611398964,0.501498659094494
"C10","MXRA8",2.83363994559373,0.737822485994506,2.09581745959922,0.988897113249445,0.50970184571699
"C10","PRSS23",3.30631030330243,1.24908473814647,2.05722556515596,0.996299037749815,0.797444391859915
"C10","CCN1",3.43674538586103,1.38477097215503,2.051974413706,0.997039230199852,0.766051427669979
"C10","SPARC",4.65053127080125,2.63635258163521,2.01417868916604,1,0.933585739075564
"C10","COL6A1",3.2797048515118,1.2764462708963,2.00325858061549,1,0.761476573592049
"C10","ITGBL1",2.73691974052079,0.798310413930015,1.93860932659078,0.993338267949667,0.531629594573277
"C2","MYH11",4.16533702910522,0.917824359061513,3.24751267004371,0.998408910103421,0.768070884501788
"C2","RGS5-ENSG00000143248",4.21790867545944,1.01941666496791,3.19849201049152,0.998408910103421,0.648064666563034
"C2","MFAP4",4.34517410862374,1.14969007580154,3.19548403282221,1,0.689258510803669
"C2","ACTA2",4.81169904564894,1.87828831607127,2.93341072957767,1,0.881081921343075
"C2","MYH10",3.65130786943366,0.84341851318059,2.80788935625307,0.996022275258552,0.642002176278564
"C2","ITGA8",3.44177703287497,0.67019380003842,2.77158323283655,0.998408910103421,0.578734649463703
"C2","TPM2",4.15078192172643,1.48664477801316,2.66413714371327,1,0.779263174257734
"C2","LTBP1",4.06682780301533,1.41917678644833,2.647651016567,0.99920445505171,0.705891496968755
"C2","FRZB",3.43381674827628,0.811765996753121,2.62205075152316,0.996022275258552,0.590704181563812
"C2","CALD1",4.45794153308983,1.84189008401951,2.61605144907032,1,0.81579356443339
"C2","ACTA2-AS1",3.98769611165861,1.38129429746033,2.60640181419829,1,0.753458728431525
"C2","OGN",3.7482144848421,1.14379026781338,2.60442421702872,0.998408910103421,0.67853256645422
"C2","FHL1",4.20253703852782,1.60464259125007,2.59789444727775,1,0.815482667495725
"C2","TAGLN",4.63378204305069,2.05003780708802,2.58374423596267,0.99920445505171,0.87113321933779
"C2","MYL9",3.72822178147873,1.1897692472577,2.53845253422103,1,0.721591792320846
"C2","LMOD1",2.96925955209777,0.524366394845701,2.44489315725207,0.989657915672235,0.474584175345873
"C2","CCN3",3.30356888246744,0.891825237778541,2.4117436446889,0.987271280827367,0.585263485154671
"C2","MAP1B",3.56676908494145,1.18685123394751,2.37991785099394,1,0.684595056738691
"C2","PLN",2.75889501598404,0.451783915728658,2.30711110025538,0.984884645982498,0.447069796362506
"C2","PPP1R14A",2.8803865379997,0.612495918346329,2.26789061965337,0.994431185361973,0.544069640914037
"C2","CNN1",2.52735703652362,0.294088115325536,2.23326892119809,0.949880668257757,0.436343852013058
"C2","CLU",4.08184785402156,1.88214034419498,2.19970750982658,1,0.872532255557283
"C2","AEBP1",3.93549690111466,1.73659687130851,2.19890002980615,0.998408910103421,0.751437898336701
"C2","SMOC2",3.00880064745076,0.825773968750712,2.18302667870005,0.990453460620525,0.536919011347738
"C2","BGN",4.64320863393057,2.46722840805788,2.17598022587269,0.99920445505171,0.869267837711798
"C2","ADH1B",3.07700009364319,0.901083253646217,2.17591683999697,0.980111376292761,0.634696098243432
"C2","RAMP1",2.44732494707574,0.291062999841542,2.1562619472342,0.954653937947494,0.382869578734649
"C2","FBLN5",3.0285832469219,0.880726849324036,2.14785639759786,0.989657915672235,0.634229752836935
"C2","CRYAB",3.20431742590523,1.07432400052279,2.12999342538244,1,0.645888387999378
"C2","MFGE8",3.2848824739711,1.16617982789837,2.11870264607274,1,0.739157469298927
"C3","C1QC",4.31655517268925,1.14925276980654,3.16730240288272,1,0.567865779927449
"C3","C1QB",4.1343945170991,1.02361545067198,3.11077906642712,1,0.561215235792019
"C3","C1QA",4.19988455518968,1.10063713456518,3.09924742062451,1,0.571795646916566
"C3","HLA-DRA",4.83929066965569,1.98450670560773,2.85478396404796,1,0.728083434099154
"C3","MS4A6A",3.54711319404764,0.809985690145472,2.73712750390217,1,0.513452237001209
"C3","HLA-DPA1",4.5075251692967,1.80133239983883,2.70619276945787,1,0.775695284159613
"C3","LAPTM5",4.20608811056656,1.58709671818518,2.61899139238138,1,0.631045949214027
"C3","CD14",4.10501605778569,1.48777667404877,2.61723938373693,0.999068901303538,0.730804111245466
"C3","TYROBP",3.78045399059651,1.26466079697264,2.51579319362386,1,0.583282950423216
"C3","FCGR2A",3.47176421145985,0.979182359266622,2.49258185219323,1,0.5226723095526
"C3","HLA-DRB1",4.20425947102977,1.73912312602876,2.465136345001,1,0.726874244256348
"C3","HLA-DPB1",4.07759213026229,1.61842681491866,2.45916531534363,1,0.777811366384522
"C3","IFI30",3.81023125531382,1.35476257990985,2.45546867540398,1,0.684250302297461
"C3","HLA-DQB1",3.43152403115786,0.996537486192049,2.43498654496581,0.998137802607076,0.546402660217654
"C3","CD74",5.48523825927188,3.05247409097887,2.43276416829301,1,0.933494558645707
"C3","FOLR2",2.91653585356995,0.494517212390327,2.42201864117962,0.96927374301676,0.396614268440145
"C3","CD4",3.27213110075147,0.860545418714572,2.4115856820369,1,0.502116082224909
"C3","HLA-DMB",3.18946626132914,0.791966124577558,2.39750013675159,0.998137802607076,0.495012091898428
"C3","ENSG00000268173",3.80734719978753,1.43050059882455,2.37684660096298,1,0.740477629987908
"C3","TMEM176B",3.11032296478765,0.737058889931758,2.37326407485589,0.992551210428305,0.493047158403869
"C3","FCER1G",3.50254417561665,1.13415005054996,2.3683941250667,1,0.565447400241838
"C3","CD163",3.23639527900309,0.879907385172036,2.35648789383105,0.995344506517691,0.526299879081016
"C3","SLCO2B1",3.03551833229675,0.681754925220565,2.35376340707619,0.995344506517691,0.494558645707376
"C3","RASSF4",3.24003440162487,0.924457639481154,2.31557676214372,0.999068901303538,0.598397823458283
"C3","MS4A7",3.04938658041903,0.738583133663477,2.31080344675556,0.999068901303538,0.493047158403869
"C3","CD68",3.97293123791166,1.67113041524646,2.3018008226652,1,0.818923821039903
"C3","HLA-DQA1-ENSG00000196735",3.01117373222577,0.72840428026493,2.28276945196084,0.995344506517691,0.491384522370012
"C3","HLA-DMA",3.37450497070886,1.09413227566336,2.2803726950455,1,0.620314389359129
"C3","ITGB2",3.4750480533824,1.21315527175353,2.26189278162887,1,0.578597339782346
"C3","CSF1R",2.98881453612637,0.767263906947505,2.22155062917887,0.995344506517691,0.451027811366385
"C4","HLA-DRA",5.05224756312705,2.14668566944981,2.90556189367725,1,0.745328425821065
"C4","HLA-DPA1",4.74178504816655,1.9521998512183,2.78958519694825,1,0.789920724801812
"C4","MS4A6A",3.70764471744018,0.969348712244063,2.73829600519611,0.992012779552716,0.545016987542469
"C4","CD74",5.77172375362603,3.1813725094287,2.59035124419733,1,0.937712344280861
"C4","C1QA",3.81052572220627,1.33169623336011,2.47882948884616,0.995207667731629,0.599377123442809
"C4","HLA-DPB1",4.21479044290269,1.76222918150431,2.45256126139838,1,0.791902604756512
"C4","HLA-DRB1",4.32593207939584,1.88468003850375,2.44125204089209,1,0.744195922989808
"C4","C1QC",3.83013655604759,1.39322920391032,2.43690735213727,0.998402555910543,0.595413363533409
"C4","C1QB",3.64541263130756,1.26423431848977,2.38117831281779,1,0.589043035107588
"C4","TYROBP",3.61428374654503,1.43893853246524,2.17534521407979,0.998402555910543,0.609852774631937
"C4","MS4A7",3.04700020800522,0.885346131013072,2.16165407699215,0.976038338658147,0.52718006795017
"C4","STAB1",3.45886144428721,1.31366888562907,2.14519255865815,0.979233226837061,0.733154020385051
"C4","HLA-DQB1",3.2340244687887,1.16846680360255,2.06555766518615,0.992012779552716,0.57559456398641
"C4","FCGR2A",3.20190985418043,1.16117634248286,2.04073351169757,0.992012779552716,0.553652321630804
"C4","AIF1",3.01500618345923,0.982953322693135,2.0320528607661,0.988817891373802,0.510192525481314
"C4","HLA-DQA1-ENSG00000196735",2.87778787835382,0.884998314665028,1.99278956368879,0.985623003194888,0.52420724801812
"C4","CD14",3.67963136103655,1.69145929920153,1.98817206183502,0.996805111821086,0.7480181200453
"C4","HLA-DMA",3.22282344540189,1.2521956395114,1.97062780589049,0.996805111821086,0.644677236693092
"C4","FCER1G",3.26382770519466,1.30550864037358,1.95831906482108,0.993610223642173,0.593573046432616
"C4","RASSF4",3.04432864220187,1.08865500568149,1.95567363652037,0.961661341853035,0.627123442808607
"C4","F13A1",2.5791827606319,0.631642454003625,1.94754030662828,0.921725239616613,0.398782559456399
"C4","LAPTM5",3.64268403901411,1.80312150479032,1.83956253422379,0.998402555910543,0.654586636466591
"C4","CSF1R",2.73256314003816,0.930863575099169,1.80169956493899,0.971246006389776,0.487684031710079
"C4","CD163",2.8536480567277,1.06327464700396,1.79037340972374,0.958466453674121,0.55931483578709
"C4","FYB1",2.60168832058581,0.815365774225564,1.78632254636025,0.963258785942492,0.473103057757644
"C4","SAT1",4.07342740649834,2.28812307245249,1.78530433404585,0.995207667731629,0.931058890147225
"C4","SLCO2B1",2.62827412872392,0.86712028164847,1.76115384707545,0.953674121405751,0.530011325028313
"C4","HLA-DMB",2.7427198686973,0.983605890015305,1.759113978682,0.972843450479233,0.52916194790487
"C4","MAFB",2.97105472060921,1.21967964425695,1.75137507635226,0.969648562300319,0.641138165345413
"C4","PTPRC",2.63303813760825,0.887642445093964,1.74539569251429,0.971246006389776,0.477208380520951
"C5","SPP1",5.00458248394337,1.48624279986665,3.51833968407672,0.996296296296296,0.646220930232558
"C5","LAPTM5",4.474141658007,1.6560342696622,2.81810738834479,1,0.645203488372093
"C5","IFI30",4.08754433751091,1.41633527376552,2.6712090637454,1,0.696366279069767
"C5","CD68",4.34528088920311,1.71561765356587,2.62966323563724,1,0.825872093023256
"C5","ENSG00000268173",4.08899701013895,1.48854582502653,2.60045118511242,1,0.750436046511628
"C5","ITGB2",3.79487882328661,1.26229433726627,2.53258448602034,1,0.594767441860465
"C5","CCL3",3.61987351874525,1.19057402881552,2.42929948992973,0.997530864197531,0.591569767441861
"C5","PLAUR",3.39597718245033,0.970730798905281,2.42524638354505,0.998765432098765,0.675145348837209
"C5","LSP1",3.56526799529843,1.19603707916048,2.36923091613795,0.998765432098765,0.711337209302326
"C5","CAPG",3.70764234514261,1.34030134126319,2.36734100387942,1,0.751598837209302
"C5","TYROBP",3.71389938322994,1.36903269160689,2.34486669162305,1,0.599273255813954
"C5","LILRB4",3.10813189654003,0.80411734727503,2.304014549265,0.996296296296296,0.464098837209302
"C5","PLIN2",3.35682031103961,1.0701947369583,2.28662557408131,0.997530864197531,0.69796511627907
"C5","LCP1",3.27121871750073,0.994383595969002,2.27683512153172,1,0.494331395348837
"C5","ENSG00000277089",3.33685361103508,1.08342200893138,2.2534316021037,0.996296296296296,0.590116279069767
"C5","APOE",3.47978433823366,1.24031835176217,2.23946598647149,0.993827160493827,0.762063953488372
"C5","SLC11A1",2.87365465005165,0.644103317828071,2.22955133222358,0.987654320987654,0.539098837209302
"C5","FCER1G",3.4358752143612,1.23287939758986,2.20299581677134,1,0.582122093023256
"C5","APOC1",2.85366095535236,0.743946795501075,2.10971415985129,0.988888888888889,0.536918604651163
"C5","RGS1",3.06380173650214,0.967086685039881,2.09671505146226,0.992592592592593,0.507267441860465
"C5","TREM2",2.61568851355743,0.557019959447589,2.05866855410985,0.981481481481482,0.413808139534884
"C5","CD36",2.57128349438822,0.516237786104476,2.05504570828375,0.951851851851852,0.52703488372093
"C5","FABP5",2.81311383241654,0.762715808456543,2.05039802396,0.997530864197531,0.554505813953488
"C5","CCL4",3.05050466581266,1.00531879925552,2.04518586655714,0.991358024691358,0.551162790697674
"C5","ITGAX",2.84477826958632,0.841291631765389,2.00348663782093,0.997530864197531,0.537209302325581
"C5","CD14",3.64556945987766,1.64229745044587,2.00327200943179,0.998765432098765,0.741133720930233
"C5","UCP2",2.97516831511433,0.998961832425108,1.97620648268922,0.992592592592593,0.537354651162791
"C5","LYZ",3.10907230747266,1.14172216744634,1.96735014002632,1,0.711191860465116
"C5","MMP9",2.27215688380739,0.311568815492199,1.96058806831519,0.914814814814815,0.340552325581395
"C5","GPNMB",4.09895025159633,2.14701612097894,1.95193413061738,0.997530864197531,0.918313953488372
"C6","VWF",4.0642866214825,0.0936844219830268,3.97060219949947,0.987938596491228,0.134110357037474
"C6","PECAM1",4.24316771648709,0.781645660352813,3.46152205613427,0.996710526315789,0.611242254352316
"C6","PLVAP",3.40575288188005,0.0788805100749296,3.32687237180512,0.984649122807018,0.128799055768663
"C6","HYAL2",3.38305279808237,0.239480260214453,3.14357253786792,0.993421052631579,0.310563588079079
"C6","RAMP2",3.07514589706981,0.0431883141575395,3.03195758291227,0.994517543859649,0.0854234287400413
"C6","CLEC14A",3.04266125486796,0.0347833995464692,3.00787785532149,0.990131578947368,0.0693419887872529
"C6","ECSCR",3.03165961574491,0.0346682363111958,2.99699137943371,0.987938596491228,0.0727353201534376
"C6","CDH5",2.97065973503015,0.0268097111448779,2.94385002388528,0.984649122807018,0.0613750368840366
"C6","HSPG2",3.94581438646889,1.04601248825947,2.89980189820942,0.99890350877193,0.709206255532606
"C6","TSPAN7",2.75522107913439,0.0777510683909456,2.67747001074345,0.978070175438597,0.119504278548244
"C6","CALCRL",3.2294350925098,0.585127673658076,2.64430741885172,0.996710526315789,0.579964591324875
"C6","EGFL7",2.75622660967919,0.167546589506566,2.58868002017263,0.982456140350877,0.21864856889938
"C6","CD34",2.94269949185944,0.362668522007867,2.58003096985158,0.993421052631579,0.524048391856005
"C6","RAMP3",2.67373055785558,0.10166186778531,2.57206869007027,0.969298245614035,0.15491295367365
"C6","ESAM",3.14832570922,0.592061466456737,2.55626424276326,0.995614035087719,0.514753614635586
"C6","ID1",2.8881322468201,0.365097397036158,2.52303484978394,0.987938596491228,0.381085866037179
"C6","IFI27",3.22218464676297,0.726576581952201,2.49560806481077,1,0.660666863381528
"C6","CCL14",2.54588558479281,0.0553020724470314,2.49058351234578,0.969298245614035,0.0941280613750369
"C6","SLCO2A1",2.45838645181305,0.0271314968707015,2.43125495494235,0.948464912280702,0.0570964886397167
"C6","LDLRAD2",3.22013846813939,0.805653257968857,2.41448521017054,0.996710526315789,0.601357332546474
"C6","ACKR1",2.4521264659885,0.0453209068065363,2.40680555918196,0.93969298245614,0.0761286515196223
"C6","EMCN",2.41731660601728,0.0551655202702562,2.36215108574702,0.956140350877193,0.144290351136028
"C6","IGFBP4",3.38258773464064,1.02699482650082,2.35559290813982,0.996710526315789,0.700206550604898
"C6","S1PR1",2.75504607297623,0.410846122110573,2.34419995086566,0.996710526315789,0.424756565358513
"C6","NPDC1",2.92347716755117,0.585399329102545,2.33807783844862,0.994517543859649,0.509294777220419
"C6","ADAM15",2.58633360543713,0.447259794666707,2.13907381077043,0.966008771929825,0.483475951608144
"C6","TM4SF1",3.34469703623502,1.21059461914033,2.13410241709469,0.996710526315789,0.694010032457952
"C6","PRCP",3.15474213728974,1.02193999693474,2.132802140355,0.990131578947368,0.788285629979345
"C6","PLAT",2.58286938508557,0.452386688812191,2.13048269627338,0.956140350877193,0.467246975509
"C6","CRIP2",3.8906586631065,1.77714329147413,2.11351537163237,0.99890350877193,0.800383593980525
"C7","COL1A2",4.41768392935945,2.02762450782505,2.39005942153439,0.998466257668712,0.811736288718386
"C7","LUM",3.54664040429009,1.28282363388077,2.26381677040931,0.975460122699387,0.645780051150895
"C7","BGN",4.8538007793598,2.63477060155506,2.21903017780474,1,0.880363739698778
"C7","AEBP1",4.04222720721984,1.9157310512534,2.12649615596644,0.996932515337423,0.772804774083546
"C7","COL1A1",3.55559143349364,1.51795324740122,2.03763818609242,0.98159509202454,0.750923557828929
"C7","COL3A1",3.56747542541021,1.56367915239028,2.00379627301993,0.987730061349693,0.743393009377664
"C7","MGP",4.66837300401425,2.6770105546694,1.99136244934485,1,0.923273657289003
"C7","THBS2",3.78892635688224,1.82658116587737,1.96234519100487,0.99079754601227,0.754901960784314
"C7","VCAN",4.2604424492035,2.32906239287191,1.93138005633159,0.99079754601227,0.915032679738562
"C7","CALD1",4.01888982986556,2.1074446218413,1.91144520802426,0.998466257668712,0.831770389315146
"C7","LTBP1",3.585117608696,1.69139956447039,1.89371804422561,0.989263803680982,0.73202614379085
"C7","DCN",2.82172839598853,0.970086299401959,1.85164209658657,0.941717791411043,0.638675760159136
"C7","EFEMP1",4.04033249658229,2.19506901293793,1.84526348364436,0.996932515337423,0.843847684001137
"C7","ACTA2",3.99841418964899,2.20579260955045,1.79262158009854,0.996932515337423,0.891588519465757
"C7","IGFBP7",4.77141098002966,2.98924700045216,1.78216397957749,1,0.945012787723785
"C7","OGN",3.15585110200588,1.42254809346151,1.73330300854437,0.983128834355828,0.707445296959363
"C7","TAGLN",4.04986126324962,2.32623581947616,1.72362544377346,0.996932515337423,0.882352941176471
"C7","PRELP",3.47402629106656,1.76256262966121,1.71146366140535,0.986196319018405,0.827223643080421
"C7","CFH",3.15024335571117,1.44031128101599,1.70993207469517,0.983128834355828,0.737283319124751
"C7","CCDC80",2.99861393156916,1.29789643976466,1.7007174918045,0.97239263803681,0.766268826371128
"C7","LTBP2",3.24076743689576,1.54715353326142,1.69361390363434,0.984662576687117,0.789286729184427
"C7","C1S",3.33332223360346,1.65641140351718,1.67691083008628,0.987730061349693,0.804347826086957
"C7","ACTA2-AS1",3.32825703128371,1.66643601073035,1.66182102055337,0.989263803680982,0.77564649048025
"C7","C1R",3.46053207269169,1.81602266312592,1.64450940956577,0.989263803680982,0.839869281045752
"C7","SFRP2",2.24301171754931,0.603615544904911,1.6393961726444,0.857361963190184,0.488348962773515
"C7","COL6A3",2.61751439936949,1.00735501220573,1.61015938716376,0.955521472392638,0.696504688832055
"C7","CCN2",3.81031629867187,2.21292192486096,1.5973943738109,0.998466257668712,0.840011366865587
"C7","COL14A1",2.66742300821954,1.09463737067833,1.57278563754121,0.970858895705521,0.570048309178744
"C7","ADIRF",3.27594574091079,1.73794348967674,1.53800225123406,0.998466257668712,0.830207445296959
"C7","SULF1",3.24898461574169,1.71192548974372,1.53705912599797,0.989263803680982,0.77564649048025
"C8","RGS5-ENSG00000143248",4.66645000654202,1.4355218274784,3.23092817906362,0.996062992125984,0.695400753093061
"C8","THY1",3.59668044717581,0.708189909366729,2.88849053780908,0.988188976377953,0.528778913394298
"C8","NDUFA4L2",3.45559564034217,0.992237559789929,2.46335808055224,1,0.631387842926304
"C8","NOTCH3",3.09274910307354,0.689064530005458,2.40368457306809,0.984251968503937,0.520441097364174
"C8","STEAP4",2.76745221268069,0.381382738793268,2.38606947388742,0.917322834645669,0.46221086605702
"C8","PDGFRB",3.17366884420122,0.839110620858319,2.3345582233429,0.988188976377953,0.514389456697149
"C8","GGT5",2.92444988499839,0.691289086050883,2.23316079894751,0.956692913385827,0.599112426035503
"C8","COL4A2",3.83956047404035,1.61291302787509,2.22664744616526,0.996062992125984,0.771785906401291
"C8","LHFPL6",3.40486564841432,1.20295461965003,2.20191102876429,0.988188976377953,0.675766541151157
"C8","COL1A2",4.34370965230735,2.15807543791407,2.18563421439328,1,0.821678321678322
"C8","COL3A1",3.83871513403188,1.66166409465387,2.17705103937801,1,0.756051640667025
"C8","COL1A1",3.74497640909273,1.6205455301154,2.12443087897733,0.992125984251969,0.762910166756321
"C8","PCOLCE",3.3725048310265,1.26458992389262,2.10791490713388,0.980314960629921,0.648197955890264
"C8","SPARC",4.98121250162847,2.92219994438199,2.05901255724648,1,0.943383539537386
"C8","EPAS1",3.9663953272899,1.91346625402073,2.05292907326917,1,0.886229155459925
"C8","COL4A1",3.29172641415728,1.24483948994256,2.04688692421472,0.984251968503937,0.682356105433028
"C8","IGFBP4",3.26305412072163,1.2395206026562,2.02353351806543,0.984251968503937,0.726869284561592
"C8","SMOC2",3.12009639902971,1.11642843860481,2.00366796042489,0.984251968503937,0.598305540613233
"C8","SPARCL1",4.03261422227774,2.04689502085477,1.98571920142296,1,0.814550833781603
"C8","ACTA2",4.27488928828271,2.29229593308814,1.98259335519457,1,0.89712210866057
"C8","COL18A1",2.84389229458464,0.949658531142541,1.8942337634421,0.980314960629921,0.632867132867133
"C8","IFITM1",3.34838341564646,1.46378731830861,1.88459609733785,1,0.818585260892953
"C8","MCAM",2.65779365475045,0.78403797350153,1.87375568124892,0.956692913385827,0.629774072081764
"C8","EHD2",3.05702417548569,1.18361732090683,1.87340685457886,0.97244094488189,0.716110812264658
"C8","COL6A3",2.95318301812396,1.08207039775274,1.87111262037122,0.976377952755906,0.709655728886498
"C8","BGN",4.62391658715353,2.76139305927247,1.86252352788106,1,0.886767079074771
"C8","CALD1",4.06628091842014,2.2081328757817,1.85814804263844,1,0.840640129101668
"C8","IGFBP7",4.89884177679332,3.08028167520927,1.81856010158405,1,0.947955890263583
"C8","TIMP3",2.93142478980068,1.12870665098904,1.80271813881165,0.976377952755906,0.692845615922539
"C8","SEPTIN4",2.35834552067582,0.565991843845147,1.79235367683067,0.921259842519685,0.481038192576654
"C9","CCL3",4.36211525181188,1.241527998089,3.12058725372288,1,0.608629088378566
"C9","ENSG00000277089",4.07661276471806,1.12708495479522,2.94952780992283,0.998019801980198,0.607237299930411
"C9","CCL4",3.8828405073602,1.03363502602217,2.84920548133803,0.994059405940594,0.569659011830202
"C9","CXCL8",3.36310573694769,0.588156817532109,2.77494891941558,0.984158415841584,0.469589422407794
"C9","SPP1",4.39280233286299,1.67859388962851,2.71420844323447,0.982178217821782,0.662073764787752
"C9","CXCL2",3.39474884956497,0.748413967424962,2.64633488214001,0.982178217821782,0.571050800278358
"C9","TNFAIP3",3.50483964047244,0.86504420993691,2.63979543053553,0.992079207920792,0.630201809324983
"C9","CCL3L1",3.3275493421849,0.717356605571629,2.61019273661327,0.992079207920792,0.530132219902575
"C9","IER3",3.77701164398603,1.17036172364194,2.60664992034408,0.998019801980198,0.755045233124565
"C9","CXCL3",3.10768947359356,0.535788846646996,2.57190062694656,0.972277227722772,0.451774530271399
"C9","IL1B",3.09602873195231,0.538821378217818,2.55720735373449,0.966336633663366,0.450939457202505
"C9","CD83",3.25436187758461,0.743969947254728,2.51039193032988,0.994059405940594,0.482672233820459
"C9","NFKBIA",4.8403911375666,2.53172190065695,2.30866923690965,1,0.969102296450939
"C9","IER3-AS1",3.01185142210002,0.801450365701259,2.21040105639876,0.992079207920792,0.654140570633264
"C9","PLAUR",3.27144774052072,1.08243400212806,2.18901373839265,1,0.688796102992345
"C9","RGS1",3.23046169899048,1.04437754233137,2.18608415665911,0.962376237623762,0.529993041057759
"C9","CCL4L2",2.78180021771933,0.604770679823562,2.17702953789577,0.976237623762376,0.489074460681976
"C9","IFI30",3.71797523327457,1.55570217175879,2.16227306151577,0.998019801980198,0.709394572025052
"C9","TYROBP",3.63211462294202,1.47431948978232,2.1577951331597,1,0.616283924843424
"C9","PPP1R15A",3.48672693838148,1.36518415644617,2.12154278193531,0.994059405940594,0.836464857341684
"C9","GPR183",2.8162473955809,0.726089966546179,2.09015742903472,0.974257425742574,0.499930410577592
"C9","ENSG00000268173",3.7033759730677,1.62603729825969,2.07733867480802,1,0.761029923451635
"C9","IL1RN",2.52909190270047,0.459298559971234,2.06979334272923,0.924752475247525,0.389561586638831
"C9","BCL2A1",2.53130601786064,0.472197639403653,2.05910837845699,0.98019801980198,0.411551844119694
"C9","LAPTM5",3.83614891546242,1.820503175498,2.01564573996443,1,0.66026443980515
"C9","GADD45B",3.56376131489327,1.56292317611615,2.00083813877711,0.996039603960396,0.853027139874739
"C9","SLC11A1",2.74142818223579,0.748040342542782,1.99338783969301,0.976237623762376,0.558942240779402
"C9","PLIN2",3.17095961709254,1.18032423598935,1.99063538110319,0.982178217821782,0.711760612386917
"C9","NR4A2",2.62142489459232,0.647518314098006,1.97390658049431,0.97029702970297,0.541266527487822
"C9","FCER1G",3.29526733295628,1.33627824299344,1.95898908996284,1,0.599860821155184
